0 verbose cli /usr/local/bin/node /opt/homebrew/bin/npm
1 info using npm@10.8.2
2 info using node@v20.19.0
3 silly config load:file:/opt/homebrew/Cellar/node@18/18.20.5/lib/node_modules/npm/npmrc
4 silly config load:file:/Users/william.wang/workspace/blog/blog-frontend/.npmrc
5 silly config load:file:/Users/william.wang/.npmrc
6 silly config load:file:/Users/william.wang/workspace/blog/blog-frontend/‘~/.npm-global’/etc/npmrc
7 verbose title npm install
8 verbose argv "install" "--cache" ".npm-cache" "--legacy-peer-deps"
9 verbose logfile logs-max:10 dir:/Users/william.wang/workspace/blog/blog-frontend/.npm-cache/_logs/2026-04-23T04_04_50_492Z-
10 verbose logfile /Users/william.wang/workspace/blog/blog-frontend/.npm-cache/_logs/2026-04-23T04_04_50_492Z-debug-0.log
11 silly packumentCache heap:4345298944 maxSize:1086324736 maxEntrySize:543162368
12 silly logfile done cleaning log files
13 silly idealTree buildDeps
14 silly fetch manifest react@^18.2.0
15 silly packumentCache full:https://registry.npmmirror.com/react cache-miss
16 http fetch GET 200 https://registry.npmmirror.com/npm 380ms
17 http fetch GET 200 https://registry.npmmirror.com/react 579ms (cache miss)
18 silly packumentCache full:https://registry.npmmirror.com/react set size:1207290 disposed:false
19 silly fetch manifest react-dom@^18.2.0
20 silly packumentCache full:https://registry.npmmirror.com/react-dom cache-miss
21 http fetch GET 200 https://registry.npmmirror.com/react-dom 362ms (cache miss)
22 silly packumentCache full:https://registry.npmmirror.com/react-dom set size:1376704 disposed:false
23 silly fetch manifest react-router-dom@^6.20.0
24 silly packumentCache full:https://registry.npmmirror.com/react-router-dom cache-miss
25 http fetch GET 200 https://registry.npmmirror.com/react-router-dom 142ms (cache miss)
26 silly packumentCache full:https://registry.npmmirror.com/react-router-dom set size:469014 disposed:false
27 silly fetch manifest @tanstack/react-query@^5.8.0
28 silly packumentCache full:https://registry.npmmirror.com/@tanstack%2freact-query cache-miss
29 http fetch GET 200 https://registry.npmmirror.com/@tanstack%2freact-query 144ms (cache miss)
30 silly packumentCache full:https://registry.npmmirror.com/@tanstack%2freact-query set size:265508 disposed:false
31 silly fetch manifest axios@^1.6.0
32 silly packumentCache full:https://registry.npmmirror.com/axios cache-miss
33 http fetch GET 200 https://registry.npmmirror.com/axios 60ms (cache miss)
34 silly packumentCache full:https://registry.npmmirror.com/axios set size:128866 disposed:false
35 silly fetch manifest zustand@^4.4.0
36 silly packumentCache full:https://registry.npmmirror.com/zustand cache-miss
37 http fetch GET 200 https://registry.npmmirror.com/zustand 43ms (cache miss)
38 silly packumentCache full:https://registry.npmmirror.com/zustand set size:87151 disposed:false
39 silly fetch manifest lucide-react@^0.294.0
40 silly packumentCache full:https://registry.npmmirror.com/lucide-react cache-miss
41 http fetch GET 200 https://registry.npmmirror.com/lucide-react 126ms (cache miss)
42 silly packumentCache full:https://registry.npmmirror.com/lucide-react set size:412166 disposed:false
43 silly fetch manifest clsx@^2.0.0
44 silly packumentCache full:https://registry.npmmirror.com/clsx cache-miss
45 http fetch GET 200 https://registry.npmmirror.com/clsx 36ms (cache miss)
46 silly packumentCache full:https://registry.npmmirror.com/clsx set size:9149 disposed:false
47 silly fetch manifest tailwind-merge@^2.0.0
48 silly packumentCache full:https://registry.npmmirror.com/tailwind-merge cache-miss
49 http fetch GET 200 https://registry.npmmirror.com/tailwind-merge 94ms (cache miss)
50 silly packumentCache full:https://registry.npmmirror.com/tailwind-merge set size:253765 disposed:false
51 silly fetch manifest @types/react@^18.2.37
52 silly packumentCache full:https://registry.npmmirror.com/@types%2freact cache-miss
53 http fetch GET 200 https://registry.npmmirror.com/@types%2freact 109ms (cache miss)
54 silly packumentCache full:https://registry.npmmirror.com/@types%2freact set size:331303 disposed:false
55 silly fetch manifest @types/react-dom@^18.2.15
56 silly packumentCache full:https://registry.npmmirror.com/@types%2freact-dom cache-miss
57 http fetch GET 200 https://registry.npmmirror.com/@types%2freact-dom 56ms (cache miss)
58 silly packumentCache full:https://registry.npmmirror.com/@types%2freact-dom set size:82926 disposed:false
59 silly fetch manifest @typescript-eslint/eslint-plugin@^6.10.0
60 silly packumentCache full:https://registry.npmmirror.com/@typescript-eslint%2feslint-plugin cache-miss
61 http fetch GET 200 https://registry.npmmirror.com/@typescript-eslint%2feslint-plugin 594ms (cache miss)
62 silly packumentCache full:https://registry.npmmirror.com/@typescript-eslint%2feslint-plugin set size:2373230 disposed:false
63 silly fetch manifest @typescript-eslint/parser@^6.10.0
64 silly packumentCache full:https://registry.npmmirror.com/@typescript-eslint%2fparser cache-miss
65 http fetch GET 200 https://registry.npmmirror.com/@typescript-eslint%2fparser 578ms (cache miss)
66 silly packumentCache full:https://registry.npmmirror.com/@typescript-eslint%2fparser set size:2319385 disposed:false
67 silly fetch manifest @vitejs/plugin-react@^4.2.0
68 silly packumentCache full:https://registry.npmmirror.com/@vitejs%2fplugin-react cache-miss
69 http fetch GET 200 https://registry.npmmirror.com/@vitejs%2fplugin-react 41ms (cache miss)
70 silly packumentCache full:https://registry.npmmirror.com/@vitejs%2fplugin-react set size:56893 disposed:false
71 silly fetch manifest autoprefixer@^10.4.16
72 silly packumentCache full:https://registry.npmmirror.com/autoprefixer cache-miss
73 http fetch GET 200 https://registry.npmmirror.com/autoprefixer 64ms (cache miss)
74 silly packumentCache full:https://registry.npmmirror.com/autoprefixer set size:135877 disposed:false
75 silly fetch manifest eslint@^8.53.0
76 silly packumentCache full:https://registry.npmmirror.com/eslint cache-miss
77 http fetch GET 200 https://registry.npmmirror.com/eslint 79ms (cache miss)
78 silly packumentCache full:https://registry.npmmirror.com/eslint set size:223009 disposed:false
79 silly fetch manifest eslint-plugin-react-hooks@^4.6.0
80 silly packumentCache full:https://registry.npmmirror.com/eslint-plugin-react-hooks cache-miss
81 http fetch GET 200 https://registry.npmmirror.com/eslint-plugin-react-hooks 317ms (cache miss)
82 silly packumentCache full:https://registry.npmmirror.com/eslint-plugin-react-hooks set size:1191293 disposed:false
83 silly fetch manifest eslint-plugin-react-refresh@^0.4.4
84 silly packumentCache full:https://registry.npmmirror.com/eslint-plugin-react-refresh cache-miss
85 http fetch GET 200 https://registry.npmmirror.com/eslint-plugin-react-refresh 57ms (cache miss)
86 silly packumentCache full:https://registry.npmmirror.com/eslint-plugin-react-refresh set size:24634 disposed:false
87 silly fetch manifest postcss@^8.4.31
88 silly packumentCache full:https://registry.npmmirror.com/postcss cache-miss
89 http fetch GET 200 https://registry.npmmirror.com/postcss 53ms (cache miss)
90 silly packumentCache full:https://registry.npmmirror.com/postcss set size:96094 disposed:false
91 silly fetch manifest tailwindcss@^3.3.5
92 silly packumentCache full:https://registry.npmmirror.com/tailwindcss cache-miss
93 http fetch GET 200 https://registry.npmmirror.com/tailwindcss 440ms (cache miss)
94 silly packumentCache full:https://registry.npmmirror.com/tailwindcss set size:1629421 disposed:false
95 silly fetch manifest typescript@^5.2.2
96 silly packumentCache full:https://registry.npmmirror.com/typescript cache-miss
97 http fetch GET 200 https://registry.npmmirror.com/typescript 430ms (cache miss)
98 silly packumentCache full:https://registry.npmmirror.com/typescript set size:1685991 disposed:false
99 silly fetch manifest vite@^5.0.0
100 silly packumentCache full:https://registry.npmmirror.com/vite cache-miss
101 http fetch GET 200 https://registry.npmmirror.com/vite 1507ms (cache miss)
102 silly packumentCache full:https://registry.npmmirror.com/vite set size:6232928 disposed:false
103 silly placeDep ROOT @tanstack/react-query@5.99.2 OK for: blog-frontend@1.0.0 want: ^5.8.0
104 silly placeDep ROOT @types/react@18.3.28 OK for: blog-frontend@1.0.0 want: ^18.2.37
105 silly placeDep ROOT @types/react-dom@18.3.7 OK for: blog-frontend@1.0.0 want: ^18.2.15
106 silly placeDep ROOT @typescript-eslint/eslint-plugin@6.21.0 OK for: blog-frontend@1.0.0 want: ^6.10.0
107 silly placeDep ROOT @typescript-eslint/parser@6.21.0 OK for: blog-frontend@1.0.0 want: ^6.10.0
108 silly placeDep ROOT @vitejs/plugin-react@4.7.0 OK for: blog-frontend@1.0.0 want: ^4.2.0
109 silly placeDep ROOT autoprefixer@10.5.0 OK for: blog-frontend@1.0.0 want: ^10.4.16
110 silly placeDep ROOT axios@1.15.2 OK for: blog-frontend@1.0.0 want: ^1.6.0
111 silly placeDep ROOT clsx@2.1.1 OK for: blog-frontend@1.0.0 want: ^2.0.0
112 silly placeDep ROOT eslint@8.57.1 OK for: blog-frontend@1.0.0 want: ^8.53.0
113 silly placeDep ROOT eslint-plugin-react-hooks@4.6.2 OK for: blog-frontend@1.0.0 want: ^4.6.0
114 silly placeDep ROOT eslint-plugin-react-refresh@0.4.26 OK for: blog-frontend@1.0.0 want: ^0.4.4
115 silly placeDep ROOT lucide-react@0.294.0 OK for: blog-frontend@1.0.0 want: ^0.294.0
116 silly placeDep ROOT postcss@8.5.10 OK for: blog-frontend@1.0.0 want: ^8.4.31
117 silly placeDep ROOT react@18.3.1 OK for: blog-frontend@1.0.0 want: ^18.2.0
118 silly placeDep ROOT react-dom@18.3.1 OK for: blog-frontend@1.0.0 want: ^18.2.0
119 silly placeDep ROOT react-router-dom@6.30.3 OK for: blog-frontend@1.0.0 want: ^6.20.0
120 silly placeDep ROOT tailwind-merge@2.6.1 OK for: blog-frontend@1.0.0 want: ^2.0.0
121 silly placeDep ROOT tailwindcss@3.4.19 OK for: blog-frontend@1.0.0 want: ^3.3.5
122 silly placeDep ROOT typescript@5.9.3 OK for: blog-frontend@1.0.0 want: ^5.2.2
123 silly placeDep ROOT vite@5.4.21 OK for: blog-frontend@1.0.0 want: ^5.0.0
124 silly placeDep ROOT zustand@4.5.7 OK for: blog-frontend@1.0.0 want: ^4.4.0
125 silly fetch manifest @tanstack/query-core@5.99.2
126 silly packumentCache full:https://registry.npmmirror.com/@tanstack%2fquery-core cache-miss
127 silly fetch manifest @types/prop-types@*
128 silly packumentCache full:https://registry.npmmirror.com/@types%2fprop-types cache-miss
129 silly fetch manifest csstype@^3.2.2
130 silly packumentCache full:https://registry.npmmirror.com/csstype cache-miss
131 silly fetch manifest @eslint-community/regexpp@^4.5.1
132 silly packumentCache full:https://registry.npmmirror.com/@eslint-community%2fregexpp cache-miss
133 silly fetch manifest @typescript-eslint/scope-manager@6.21.0
134 silly packumentCache full:https://registry.npmmirror.com/@typescript-eslint%2fscope-manager cache-miss
135 silly fetch manifest @typescript-eslint/type-utils@6.21.0
136 silly packumentCache full:https://registry.npmmirror.com/@typescript-eslint%2ftype-utils cache-miss
137 silly fetch manifest @typescript-eslint/utils@6.21.0
138 silly packumentCache full:https://registry.npmmirror.com/@typescript-eslint%2futils cache-miss
139 http fetch GET 200 https://registry.npmmirror.com/@types%2fprop-types 36ms (cache miss)
140 silly packumentCache full:https://registry.npmmirror.com/@types%2fprop-types set size:10437 disposed:false
141 silly fetch manifest @typescript-eslint/visitor-keys@6.21.0
142 silly packumentCache full:https://registry.npmmirror.com/@typescript-eslint%2fvisitor-keys cache-miss
143 http fetch GET 200 https://registry.npmmirror.com/@tanstack%2fquery-core 91ms (cache miss)
144 silly packumentCache full:https://registry.npmmirror.com/@tanstack%2fquery-core set size:203451 disposed:false
145 silly fetch manifest debug@^4.3.4
146 silly packumentCache full:https://registry.npmmirror.com/debug cache-miss
147 http fetch GET 200 https://registry.npmmirror.com/csstype 156ms (cache miss)
148 silly packumentCache full:https://registry.npmmirror.com/csstype set size:41498 disposed:false
149 silly fetch manifest graphemer@^1.4.0
150 silly packumentCache full:https://registry.npmmirror.com/graphemer cache-miss
151 http fetch GET 200 https://registry.npmmirror.com/debug 68ms (cache miss)
152 silly packumentCache full:https://registry.npmmirror.com/debug set size:32036 disposed:false
153 silly fetch manifest ignore@^5.2.4
154 silly packumentCache full:https://registry.npmmirror.com/ignore cache-miss
155 http fetch GET 200 https://registry.npmmirror.com/@eslint-community%2fregexpp 197ms (cache miss)
156 silly packumentCache full:https://registry.npmmirror.com/@eslint-community%2fregexpp set size:20792 disposed:false
157 silly fetch manifest natural-compare@^1.4.0
158 silly packumentCache full:https://registry.npmmirror.com/natural-compare cache-miss
159 http fetch GET 200 https://registry.npmmirror.com/ignore 79ms (cache miss)
160 silly packumentCache full:https://registry.npmmirror.com/ignore set size:40742 disposed:false
161 silly fetch manifest semver@^7.5.4
162 silly packumentCache full:https://registry.npmmirror.com/semver cache-miss
163 http fetch GET 200 https://registry.npmmirror.com/graphemer 109ms (cache miss)
164 silly packumentCache full:https://registry.npmmirror.com/graphemer set size:9414 disposed:false
165 silly fetch manifest ts-api-utils@^1.0.1
166 silly packumentCache full:https://registry.npmmirror.com/ts-api-utils cache-miss
167 http fetch GET 200 https://registry.npmmirror.com/natural-compare 73ms (cache miss)
168 silly packumentCache full:https://registry.npmmirror.com/natural-compare set size:3164 disposed:false
169 silly fetch manifest @typescript-eslint/scope-manager@6.21.0
170 silly packumentCache full:https://registry.npmmirror.com/@typescript-eslint%2fscope-manager cache-miss
171 http fetch GET 200 https://registry.npmmirror.com/ts-api-utils 92ms (cache miss)
172 silly packumentCache full:https://registry.npmmirror.com/ts-api-utils set size:45410 disposed:false
173 silly fetch manifest @typescript-eslint/types@6.21.0
174 silly packumentCache full:https://registry.npmmirror.com/@typescript-eslint%2ftypes cache-miss
175 http fetch GET 200 https://registry.npmmirror.com/semver 130ms (cache miss)
176 silly packumentCache full:https://registry.npmmirror.com/semver set size:44794 disposed:false
177 silly fetch manifest @typescript-eslint/typescript-estree@6.21.0
178 silly packumentCache full:https://registry.npmmirror.com/@typescript-eslint%2ftypescript-estree cache-miss
179 http fetch GET 200 https://registry.npmmirror.com/@typescript-eslint%2ftype-utils 2192ms (cache miss)
180 silly packumentCache full:https://registry.npmmirror.com/@typescript-eslint%2ftype-utils set size:1753860 disposed:false
181 silly fetch manifest @typescript-eslint/visitor-keys@6.21.0
182 silly packumentCache full:https://registry.npmmirror.com/@typescript-eslint%2fvisitor-keys cache-miss
183 http fetch GET 200 https://registry.npmmirror.com/@typescript-eslint%2fvisitor-keys 2277ms (cache miss)
184 silly packumentCache full:https://registry.npmmirror.com/@typescript-eslint%2fvisitor-keys set size:2025701 disposed:false
185 silly fetch manifest @babel/core@^7.28.0
186 silly packumentCache full:https://registry.npmmirror.com/@babel%2fcore cache-miss
187 http fetch GET 200 https://registry.npmmirror.com/@babel%2fcore 171ms (cache miss)
188 silly packumentCache full:https://registry.npmmirror.com/@babel%2fcore set size:108259 disposed:false
189 silly fetch manifest @babel/plugin-transform-react-jsx-self@^7.27.1
190 silly packumentCache full:https://registry.npmmirror.com/@babel%2fplugin-transform-react-jsx-self cache-miss
191 http fetch GET 200 https://registry.npmmirror.com/@babel%2fplugin-transform-react-jsx-self 78ms (cache miss)
192 silly packumentCache full:https://registry.npmmirror.com/@babel%2fplugin-transform-react-jsx-self set size:34279 disposed:false
193 silly fetch manifest @babel/plugin-transform-react-jsx-source@^7.27.1
194 silly packumentCache full:https://registry.npmmirror.com/@babel%2fplugin-transform-react-jsx-source cache-miss
195 http fetch GET 200 https://registry.npmmirror.com/@babel%2fplugin-transform-react-jsx-source 75ms (cache miss)
196 silly packumentCache full:https://registry.npmmirror.com/@babel%2fplugin-transform-react-jsx-source set size:33798 disposed:false
197 silly fetch manifest @rolldown/pluginutils@1.0.0-beta.27
198 silly packumentCache full:https://registry.npmmirror.com/@rolldown%2fpluginutils cache-miss
199 http fetch GET 200 https://registry.npmmirror.com/@typescript-eslint%2ftypes 2392ms (cache miss)
200 silly packumentCache full:https://registry.npmmirror.com/@typescript-eslint%2ftypes set size:2027745 disposed:false
201 silly fetch manifest @types/babel__core@^7.20.5
202 silly packumentCache full:https://registry.npmmirror.com/@types%2fbabel__core cache-miss
203 http fetch GET 200 https://registry.npmmirror.com/@rolldown%2fpluginutils 145ms (cache miss)
204 silly packumentCache full:https://registry.npmmirror.com/@rolldown%2fpluginutils set size:46761 disposed:false
205 silly fetch manifest react-refresh@^0.17.0
206 silly packumentCache full:https://registry.npmmirror.com/react-refresh cache-miss
207 http fetch GET 200 https://registry.npmmirror.com/@types%2fbabel__core 56ms (cache miss)
208 silly packumentCache full:https://registry.npmmirror.com/@types%2fbabel__core set size:14948 disposed:false
209 silly fetch manifest browserslist@^4.28.2
210 silly packumentCache full:https://registry.npmmirror.com/browserslist cache-miss
211 http fetch GET 200 https://registry.npmmirror.com/browserslist 133ms (cache miss)
212 silly packumentCache full:https://registry.npmmirror.com/browserslist set size:74831 disposed:false
213 silly fetch manifest caniuse-lite@^1.0.30001787
214 silly packumentCache full:https://registry.npmmirror.com/caniuse-lite cache-miss
215 http fetch GET 200 https://registry.npmmirror.com/caniuse-lite 465ms (cache miss)
216 silly packumentCache full:https://registry.npmmirror.com/caniuse-lite set size:364993 disposed:false
217 silly fetch manifest fraction.js@^5.3.4
218 silly packumentCache full:https://registry.npmmirror.com/fraction.js cache-miss
219 http fetch GET 200 https://registry.npmmirror.com/fraction.js 67ms (cache miss)
220 silly packumentCache full:https://registry.npmmirror.com/fraction.js set size:31162 disposed:false
221 silly fetch manifest picocolors@^1.1.1
222 silly packumentCache full:https://registry.npmmirror.com/picocolors cache-miss
223 http fetch GET 200 https://registry.npmmirror.com/picocolors 37ms (cache miss)
224 silly packumentCache full:https://registry.npmmirror.com/picocolors set size:4040 disposed:false
225 silly fetch manifest postcss-value-parser@^4.2.0
226 silly packumentCache full:https://registry.npmmirror.com/postcss-value-parser cache-miss
227 http fetch GET 200 https://registry.npmmirror.com/@typescript-eslint%2fscope-manager 3614ms (cache miss)
228 silly packumentCache full:https://registry.npmmirror.com/@typescript-eslint%2fscope-manager set size:2100939 disposed:false
229 silly fetch manifest follow-redirects@^1.15.11
230 silly packumentCache full:https://registry.npmmirror.com/follow-redirects cache-miss
231 http fetch GET 200 https://registry.npmmirror.com/postcss-value-parser 103ms (cache miss)
232 silly packumentCache full:https://registry.npmmirror.com/postcss-value-parser set size:14091 disposed:false
233 silly fetch manifest form-data@^4.0.5
234 silly packumentCache full:https://registry.npmmirror.com/form-data cache-miss
235 http fetch GET 200 https://registry.npmmirror.com/form-data 61ms (cache miss)
236 silly packumentCache full:https://registry.npmmirror.com/form-data set size:25145 disposed:false
237 silly fetch manifest proxy-from-env@^2.1.0
238 silly packumentCache full:https://registry.npmmirror.com/proxy-from-env cache-miss
239 http fetch GET 200 https://registry.npmmirror.com/follow-redirects 84ms (cache miss)
240 silly packumentCache full:https://registry.npmmirror.com/follow-redirects set size:30122 disposed:false
241 silly fetch manifest @eslint-community/eslint-utils@^4.2.0
242 silly packumentCache full:https://registry.npmmirror.com/@eslint-community%2feslint-utils cache-miss
243 http fetch GET 200 https://registry.npmmirror.com/proxy-from-env 38ms (cache miss)
244 silly packumentCache full:https://registry.npmmirror.com/proxy-from-env set size:6518 disposed:false
245 silly fetch manifest @eslint-community/regexpp@^4.6.1
246 silly packumentCache full:https://registry.npmmirror.com/@eslint-community%2fregexpp cache-hit
247 silly fetch manifest @eslint/eslintrc@^2.1.4
248 silly packumentCache full:https://registry.npmmirror.com/@eslint%2feslintrc cache-miss
249 http fetch GET 200 https://registry.npmmirror.com/@eslint-community%2feslint-utils 114ms (cache miss)
250 silly packumentCache full:https://registry.npmmirror.com/@eslint-community%2feslint-utils set size:21363 disposed:false
251 silly fetch manifest @eslint/js@8.57.1
252 silly packumentCache full:https://registry.npmmirror.com/@eslint%2fjs cache-miss
253 http fetch GET 200 https://registry.npmmirror.com/@eslint%2feslintrc 88ms (cache miss)
254 silly packumentCache full:https://registry.npmmirror.com/@eslint%2feslintrc set size:31510 disposed:false
255 silly fetch manifest @humanwhocodes/config-array@^0.13.0
256 silly packumentCache full:https://registry.npmmirror.com/@humanwhocodes%2fconfig-array cache-miss
257 http fetch GET 200 https://registry.npmmirror.com/@humanwhocodes%2fconfig-array 87ms (cache miss)
258 silly packumentCache full:https://registry.npmmirror.com/@humanwhocodes%2fconfig-array set size:32821 disposed:false
259 silly fetch manifest @humanwhocodes/module-importer@^1.0.1
260 silly packumentCache full:https://registry.npmmirror.com/@humanwhocodes%2fmodule-importer cache-miss
261 http fetch GET 200 https://registry.npmmirror.com/@eslint%2fjs 110ms (cache miss)
262 silly packumentCache full:https://registry.npmmirror.com/@eslint%2fjs set size:35656 disposed:false
263 silly fetch manifest @nodelib/fs.walk@^1.2.8
264 silly packumentCache full:https://registry.npmmirror.com/@nodelib%2ffs.walk cache-miss
265 http fetch GET 200 https://registry.npmmirror.com/@typescript-eslint%2ftypescript-estree 3634ms (cache miss)
266 silly packumentCache full:https://registry.npmmirror.com/@typescript-eslint%2ftypescript-estree set size:2349797 disposed:false
267 silly fetch manifest @ungap/structured-clone@^1.2.0
268 silly packumentCache full:https://registry.npmmirror.com/@ungap%2fstructured-clone cache-miss
269 http fetch GET 200 https://registry.npmmirror.com/@humanwhocodes%2fmodule-importer 111ms (cache miss)
270 silly packumentCache full:https://registry.npmmirror.com/@humanwhocodes%2fmodule-importer set size:4138 disposed:false
271 silly fetch manifest ajv@^6.12.4
272 silly packumentCache full:https://registry.npmmirror.com/ajv cache-miss
273 http fetch GET 200 https://registry.npmmirror.com/react-refresh 1259ms (cache miss)
274 silly packumentCache full:https://registry.npmmirror.com/react-refresh set size:1145437 disposed:false
275 silly fetch manifest chalk@^4.0.0
276 silly packumentCache full:https://registry.npmmirror.com/chalk cache-miss
277 http fetch GET 200 https://registry.npmmirror.com/@ungap%2fstructured-clone 64ms (cache miss)
278 silly packumentCache full:https://registry.npmmirror.com/@ungap%2fstructured-clone set size:14401 disposed:false
279 silly fetch manifest cross-spawn@^7.0.2
280 silly packumentCache full:https://registry.npmmirror.com/cross-spawn cache-miss
281 http fetch GET 200 https://registry.npmmirror.com/@nodelib%2ffs.walk 166ms (cache miss)
282 silly packumentCache full:https://registry.npmmirror.com/@nodelib%2ffs.walk set size:8290 disposed:false
283 silly fetch manifest debug@^4.3.2
284 silly packumentCache full:https://registry.npmmirror.com/debug cache-hit
285 silly fetch manifest doctrine@^3.0.0
286 silly packumentCache full:https://registry.npmmirror.com/doctrine cache-miss
287 http fetch GET 200 https://registry.npmmirror.com/chalk 67ms (cache miss)
288 silly packumentCache full:https://registry.npmmirror.com/chalk set size:24910 disposed:false
289 silly fetch manifest escape-string-regexp@^4.0.0
290 silly packumentCache full:https://registry.npmmirror.com/escape-string-regexp cache-miss
291 http fetch GET 200 https://registry.npmmirror.com/cross-spawn 78ms (cache miss)
292 silly packumentCache full:https://registry.npmmirror.com/cross-spawn set size:19398 disposed:false
293 silly fetch manifest eslint-scope@^7.2.2
294 silly packumentCache full:https://registry.npmmirror.com/eslint-scope cache-miss
295 http fetch GET 200 https://registry.npmmirror.com/escape-string-regexp 36ms (cache miss)
296 silly packumentCache full:https://registry.npmmirror.com/escape-string-regexp set size:4070 disposed:false
297 silly fetch manifest eslint-visitor-keys@^3.4.3
298 silly packumentCache full:https://registry.npmmirror.com/eslint-visitor-keys cache-miss
299 http fetch GET 200 https://registry.npmmirror.com/doctrine 88ms (cache miss)
300 silly packumentCache full:https://registry.npmmirror.com/doctrine set size:12778 disposed:false
301 silly fetch manifest espree@^9.6.1
302 silly packumentCache full:https://registry.npmmirror.com/espree cache-miss
303 http fetch GET 200 https://registry.npmmirror.com/ajv 164ms (cache miss)
304 silly packumentCache full:https://registry.npmmirror.com/ajv set size:129023 disposed:false
305 silly fetch manifest esquery@^1.4.2
306 silly packumentCache full:https://registry.npmmirror.com/esquery cache-miss
307 http fetch GET 200 https://registry.npmmirror.com/eslint-visitor-keys 48ms (cache miss)
308 silly packumentCache full:https://registry.npmmirror.com/eslint-visitor-keys set size:14040 disposed:false
309 silly fetch manifest esutils@^2.0.2
310 silly packumentCache full:https://registry.npmmirror.com/esutils cache-miss
311 http fetch GET 200 https://registry.npmmirror.com/@typescript-eslint%2fvisitor-keys 2100ms (cache miss)
312 silly packumentCache full:https://registry.npmmirror.com/@typescript-eslint%2fvisitor-keys set size:2025701 disposed:false
313 silly fetch manifest fast-deep-equal@^3.1.3
314 silly packumentCache full:https://registry.npmmirror.com/fast-deep-equal cache-miss
315 http fetch GET 200 https://registry.npmmirror.com/esutils 98ms (cache miss)
316 silly packumentCache full:https://registry.npmmirror.com/esutils set size:6036 disposed:false
317 silly fetch manifest file-entry-cache@^6.0.1
318 silly packumentCache full:https://registry.npmmirror.com/file-entry-cache cache-miss
319 http fetch GET 200 https://registry.npmmirror.com/esquery 124ms (cache miss)
320 silly packumentCache full:https://registry.npmmirror.com/esquery set size:9091 disposed:false
321 silly fetch manifest find-up@^5.0.0
322 silly packumentCache full:https://registry.npmmirror.com/find-up cache-miss
323 http fetch GET 200 https://registry.npmmirror.com/eslint-scope 161ms (cache miss)
324 silly packumentCache full:https://registry.npmmirror.com/eslint-scope set size:20122 disposed:false
325 silly fetch manifest glob-parent@^6.0.2
326 silly packumentCache full:https://registry.npmmirror.com/glob-parent cache-miss
327 http fetch GET 200 https://registry.npmmirror.com/espree 146ms (cache miss)
328 silly packumentCache full:https://registry.npmmirror.com/espree set size:49388 disposed:false
329 silly fetch manifest globals@^13.19.0
330 silly packumentCache full:https://registry.npmmirror.com/globals cache-miss
331 http fetch GET 200 https://registry.npmmirror.com/fast-deep-equal 40ms (cache miss)
332 silly packumentCache full:https://registry.npmmirror.com/fast-deep-equal set size:6487 disposed:false
333 silly fetch manifest ignore@^5.2.0
334 silly packumentCache full:https://registry.npmmirror.com/ignore cache-hit
335 silly fetch manifest imurmurhash@^0.1.4
336 silly packumentCache full:https://registry.npmmirror.com/imurmurhash cache-miss
337 http fetch GET 200 https://registry.npmmirror.com/find-up 43ms (cache miss)
338 silly packumentCache full:https://registry.npmmirror.com/find-up set size:8955 disposed:false
339 silly fetch manifest is-glob@^4.0.0
340 silly packumentCache full:https://registry.npmmirror.com/is-glob cache-miss
341 http fetch GET 200 https://registry.npmmirror.com/glob-parent 39ms (cache miss)
342 silly packumentCache full:https://registry.npmmirror.com/glob-parent set size:7508 disposed:false
343 silly fetch manifest is-path-inside@^3.0.3
344 silly packumentCache full:https://registry.npmmirror.com/is-path-inside cache-miss
345 http fetch GET 200 https://registry.npmmirror.com/globals 54ms (cache miss)
346 silly packumentCache full:https://registry.npmmirror.com/globals set size:49159 disposed:false
347 silly fetch manifest js-yaml@^4.1.0
348 silly packumentCache full:https://registry.npmmirror.com/js-yaml cache-miss
349 http fetch GET 200 https://registry.npmmirror.com/is-path-inside 46ms (cache miss)
350 silly packumentCache full:https://registry.npmmirror.com/is-path-inside set size:4230 disposed:false
351 silly fetch manifest json-stable-stringify-without-jsonify@^1.0.1
352 silly packumentCache full:https://registry.npmmirror.com/json-stable-stringify-without-jsonify cache-miss
353 http fetch GET 200 https://registry.npmmirror.com/is-glob 48ms (cache miss)
354 silly packumentCache full:https://registry.npmmirror.com/is-glob set size:7964 disposed:false
355 silly fetch manifest levn@^0.4.1
356 silly packumentCache full:https://registry.npmmirror.com/levn cache-miss
357 http fetch GET 200 https://registry.npmmirror.com/file-entry-cache 133ms (cache miss)
358 silly packumentCache full:https://registry.npmmirror.com/file-entry-cache set size:28953 disposed:false
359 silly fetch manifest lodash.merge@^4.6.2
360 silly packumentCache full:https://registry.npmmirror.com/lodash.merge cache-miss
361 http fetch GET 200 https://registry.npmmirror.com/levn 45ms (cache miss)
362 silly packumentCache full:https://registry.npmmirror.com/levn set size:7200 disposed:false
363 silly fetch manifest minimatch@^3.1.2
364 silly packumentCache full:https://registry.npmmirror.com/minimatch cache-miss
365 http fetch GET 200 https://registry.npmmirror.com/imurmurhash 116ms (cache miss)
366 silly packumentCache full:https://registry.npmmirror.com/imurmurhash set size:3727 disposed:false
367 silly fetch manifest optionator@^0.9.3
368 silly packumentCache full:https://registry.npmmirror.com/optionator cache-miss
369 http fetch GET 200 https://registry.npmmirror.com/js-yaml 86ms (cache miss)
370 silly packumentCache full:https://registry.npmmirror.com/js-yaml set size:25284 disposed:false
371 silly fetch manifest strip-ansi@^6.0.1
372 silly packumentCache full:https://registry.npmmirror.com/strip-ansi cache-miss
373 http fetch GET 200 https://registry.npmmirror.com/lodash.merge 49ms (cache miss)
374 silly packumentCache full:https://registry.npmmirror.com/lodash.merge set size:10640 disposed:false
375 silly fetch manifest text-table@^0.2.0
376 silly packumentCache full:https://registry.npmmirror.com/text-table cache-miss
377 http fetch GET 200 https://registry.npmmirror.com/optionator 48ms (cache miss)
378 silly packumentCache full:https://registry.npmmirror.com/optionator set size:12261 disposed:false
379 silly fetch manifest nanoid@^3.3.11
380 silly packumentCache full:https://registry.npmmirror.com/nanoid cache-miss
381 http fetch GET 200 https://registry.npmmirror.com/@typescript-eslint%2futils 4609ms (cache miss)
382 silly packumentCache full:https://registry.npmmirror.com/@typescript-eslint%2futils set size:1809946 disposed:false
383 silly fetch manifest source-map-js@^1.2.1
384 silly packumentCache full:https://registry.npmmirror.com/source-map-js cache-miss
385 http fetch GET 200 https://registry.npmmirror.com/json-stable-stringify-without-jsonify 212ms (cache miss)
386 silly packumentCache full:https://registry.npmmirror.com/json-stable-stringify-without-jsonify set size:2302 disposed:false
387 silly fetch manifest loose-envify@^1.1.0
388 silly packumentCache full:https://registry.npmmirror.com/loose-envify cache-miss
389 http fetch GET 200 https://registry.npmmirror.com/text-table 126ms (cache miss)
390 silly packumentCache full:https://registry.npmmirror.com/text-table set size:2573 disposed:false
391 silly fetch manifest loose-envify@^1.1.0
392 silly packumentCache full:https://registry.npmmirror.com/loose-envify cache-miss
393 http fetch GET 200 https://registry.npmmirror.com/strip-ansi 151ms (cache miss)
394 silly packumentCache full:https://registry.npmmirror.com/strip-ansi set size:8259 disposed:false
395 silly fetch manifest scheduler@^0.23.2
396 silly packumentCache full:https://registry.npmmirror.com/scheduler cache-miss
397 http fetch GET 200 https://registry.npmmirror.com/minimatch 174ms (cache miss)
398 silly packumentCache full:https://registry.npmmirror.com/minimatch set size:97383 disposed:false
399 silly fetch manifest @remix-run/router@1.23.2
400 silly packumentCache full:https://registry.npmmirror.com/@remix-run%2frouter cache-miss
401 http fetch GET 200 https://registry.npmmirror.com/nanoid 119ms (cache miss)
402 silly packumentCache full:https://registry.npmmirror.com/nanoid set size:46618 disposed:false
403 silly fetch manifest react-router@6.30.3
404 silly packumentCache full:https://registry.npmmirror.com/react-router cache-miss
405 http fetch GET 200 https://registry.npmmirror.com/source-map-js 53ms (cache miss)
406 silly packumentCache full:https://registry.npmmirror.com/source-map-js set size:14399 disposed:false
407 silly fetch manifest @alloc/quick-lru@^5.2.0
408 silly packumentCache full:https://registry.npmmirror.com/@alloc%2fquick-lru cache-miss
409 http fetch GET 200 https://registry.npmmirror.com/loose-envify 45ms (cache miss)
410 silly packumentCache full:https://registry.npmmirror.com/loose-envify set size:2934 disposed:false
411 silly fetch manifest arg@^5.0.2
412 silly packumentCache full:https://registry.npmmirror.com/arg cache-miss
413 http fetch GET 200 https://registry.npmmirror.com/@typescript-eslint%2fscope-manager 4471ms (cache miss)
414 silly packumentCache full:https://registry.npmmirror.com/@typescript-eslint%2fscope-manager set size:2100939 disposed:false
415 silly fetch manifest chokidar@^3.6.0
416 silly packumentCache full:https://registry.npmmirror.com/chokidar cache-miss
417 http fetch GET 200 https://registry.npmmirror.com/loose-envify 105ms (cache miss)
418 silly packumentCache full:https://registry.npmmirror.com/loose-envify set size:2934 disposed:false
419 silly packumentCache full:https://registry.npmmirror.com/loose-envify dispose
420 silly fetch manifest didyoumean@^1.2.2
421 silly packumentCache full:https://registry.npmmirror.com/didyoumean cache-miss
422 http fetch GET 200 https://registry.npmmirror.com/@alloc%2fquick-lru 81ms (cache miss)
423 silly packumentCache full:https://registry.npmmirror.com/@alloc%2fquick-lru set size:2827 disposed:false
424 silly fetch manifest dlv@^1.1.3
425 silly packumentCache full:https://registry.npmmirror.com/dlv cache-miss
426 http fetch GET 200 https://registry.npmmirror.com/arg 77ms (cache miss)
427 silly packumentCache full:https://registry.npmmirror.com/arg set size:13581 disposed:false
428 silly fetch manifest fast-glob@^3.3.2
429 silly packumentCache full:https://registry.npmmirror.com/fast-glob cache-miss
430 http fetch GET 200 https://registry.npmmirror.com/didyoumean 38ms (cache miss)
431 silly packumentCache full:https://registry.npmmirror.com/didyoumean set size:3588 disposed:false
432 silly fetch manifest is-glob@^4.0.3
433 silly packumentCache full:https://registry.npmmirror.com/is-glob cache-hit
434 silly fetch manifest jiti@^1.21.7
435 silly packumentCache full:https://registry.npmmirror.com/jiti cache-miss
436 http fetch GET 200 https://registry.npmmirror.com/dlv 49ms (cache miss)
437 silly packumentCache full:https://registry.npmmirror.com/dlv set size:3901 disposed:false
438 silly fetch manifest lilconfig@^3.1.3
439 silly packumentCache full:https://registry.npmmirror.com/lilconfig cache-miss
440 http fetch GET 200 https://registry.npmmirror.com/fast-glob 84ms (cache miss)
441 silly packumentCache full:https://registry.npmmirror.com/fast-glob set size:33565 disposed:false
442 silly fetch manifest micromatch@^4.0.8
443 silly packumentCache full:https://registry.npmmirror.com/micromatch cache-miss
444 http fetch GET 200 https://registry.npmmirror.com/@remix-run%2frouter 213ms (cache miss)
445 silly packumentCache full:https://registry.npmmirror.com/@remix-run%2frouter set size:132623 disposed:false
446 silly fetch manifest normalize-path@^3.0.0
447 silly packumentCache full:https://registry.npmmirror.com/normalize-path cache-miss
448 http fetch GET 200 https://registry.npmmirror.com/lilconfig 55ms (cache miss)
449 silly packumentCache full:https://registry.npmmirror.com/lilconfig set size:10217 disposed:false
450 silly fetch manifest object-hash@^3.0.0
451 silly packumentCache full:https://registry.npmmirror.com/object-hash cache-miss
452 http fetch GET 200 https://registry.npmmirror.com/jiti 92ms (cache miss)
453 silly packumentCache full:https://registry.npmmirror.com/jiti set size:60368 disposed:false
454 silly fetch manifest postcss-import@^15.1.0
455 silly packumentCache full:https://registry.npmmirror.com/postcss-import cache-miss
456 http fetch GET 200 https://registry.npmmirror.com/chokidar 139ms (cache miss)
457 silly packumentCache full:https://registry.npmmirror.com/chokidar set size:40008 disposed:false
458 silly fetch manifest postcss-js@^4.0.1
459 silly packumentCache full:https://registry.npmmirror.com/postcss-js cache-miss
460 http fetch GET 200 https://registry.npmmirror.com/normalize-path 45ms (cache miss)
461 silly packumentCache full:https://registry.npmmirror.com/normalize-path set size:6181 disposed:false
462 silly fetch manifest postcss-load-config@^4.0.2 || ^5.0 || ^6.0
463 silly packumentCache full:https://registry.npmmirror.com/postcss-load-config cache-miss
464 http fetch GET 200 https://registry.npmmirror.com/micromatch 86ms (cache miss)
465 silly packumentCache full:https://registry.npmmirror.com/micromatch set size:39386 disposed:false
466 silly fetch manifest postcss-nested@^6.2.0
467 silly packumentCache full:https://registry.npmmirror.com/postcss-nested cache-miss
468 http fetch GET 200 https://registry.npmmirror.com/postcss-import 56ms (cache miss)
469 silly packumentCache full:https://registry.npmmirror.com/postcss-import set size:24041 disposed:false
470 silly fetch manifest postcss-selector-parser@^6.1.2
471 silly packumentCache full:https://registry.npmmirror.com/postcss-selector-parser cache-miss
472 http fetch GET 200 https://registry.npmmirror.com/postcss-load-config 54ms (cache miss)
473 silly packumentCache full:https://registry.npmmirror.com/postcss-load-config set size:19569 disposed:false
474 silly fetch manifest resolve@^1.22.8
475 silly packumentCache full:https://registry.npmmirror.com/resolve cache-miss
476 http fetch GET 200 https://registry.npmmirror.com/object-hash 104ms (cache miss)
477 silly packumentCache full:https://registry.npmmirror.com/object-hash set size:16842 disposed:false
478 silly fetch manifest sucrase@^3.35.0
479 silly packumentCache full:https://registry.npmmirror.com/sucrase cache-miss
480 http fetch GET 200 https://registry.npmmirror.com/postcss-nested 46ms (cache miss)
481 silly packumentCache full:https://registry.npmmirror.com/postcss-nested set size:14044 disposed:false
482 silly fetch manifest esbuild@^0.21.3
483 silly packumentCache full:https://registry.npmmirror.com/esbuild cache-miss
484 http fetch GET 200 https://registry.npmmirror.com/postcss-selector-parser 57ms (cache miss)
485 silly packumentCache full:https://registry.npmmirror.com/postcss-selector-parser set size:26936 disposed:false
486 silly fetch manifest rollup@^4.20.0
487 silly packumentCache full:https://registry.npmmirror.com/rollup cache-miss
488 http fetch GET 200 https://registry.npmmirror.com/postcss-js 142ms (cache miss)
489 silly packumentCache full:https://registry.npmmirror.com/postcss-js set size:10272 disposed:false
490 silly fetch manifest fsevents@~2.3.3
491 silly packumentCache full:https://registry.npmmirror.com/fsevents cache-miss
492 http fetch GET 200 https://registry.npmmirror.com/resolve 69ms (cache miss)
493 silly packumentCache full:https://registry.npmmirror.com/resolve set size:40066 disposed:false
494 silly fetch manifest use-sync-external-store@^1.2.2
495 silly packumentCache full:https://registry.npmmirror.com/use-sync-external-store cache-miss
496 http fetch GET 200 https://registry.npmmirror.com/react-router 400ms (cache miss)
497 silly packumentCache full:https://registry.npmmirror.com/react-router set size:554995 disposed:false
498 http fetch GET 200 https://registry.npmmirror.com/esbuild 240ms (cache miss)
499 silly packumentCache full:https://registry.npmmirror.com/esbuild set size:212453 disposed:false
500 http fetch GET 200 https://registry.npmmirror.com/sucrase 268ms (cache miss)
501 silly packumentCache full:https://registry.npmmirror.com/sucrase set size:55462 disposed:false
502 http fetch GET 200 https://registry.npmmirror.com/fsevents 212ms (cache miss)
503 silly packumentCache full:https://registry.npmmirror.com/fsevents set size:16344 disposed:false
504 http fetch GET 200 https://registry.npmmirror.com/scheduler 914ms (cache miss)
505 silly packumentCache full:https://registry.npmmirror.com/scheduler set size:1128632 disposed:false
506 http fetch GET 200 https://registry.npmmirror.com/rollup 601ms (cache miss)
507 silly packumentCache full:https://registry.npmmirror.com/rollup set size:680329 disposed:false
508 http fetch GET 200 https://registry.npmmirror.com/use-sync-external-store 652ms (cache miss)
509 silly packumentCache full:https://registry.npmmirror.com/use-sync-external-store set size:1052604 disposed:false
510 silly placeDep ROOT @tanstack/query-core@5.99.2 OK for: @tanstack/react-query@5.99.2 want: 5.99.2
511 silly placeDep ROOT @types/prop-types@15.7.15 OK for: @types/react@18.3.28 want: *
512 silly placeDep ROOT csstype@3.2.3 OK for: @types/react@18.3.28 want: ^3.2.2
513 silly placeDep ROOT @eslint-community/regexpp@4.12.2 OK for: @typescript-eslint/eslint-plugin@6.21.0 want: ^4.5.1
514 silly placeDep ROOT @typescript-eslint/scope-manager@6.21.0 OK for: @typescript-eslint/eslint-plugin@6.21.0 want: 6.21.0
515 silly placeDep ROOT @typescript-eslint/type-utils@6.21.0 OK for: @typescript-eslint/eslint-plugin@6.21.0 want: 6.21.0
516 silly placeDep ROOT @typescript-eslint/utils@6.21.0 OK for: @typescript-eslint/eslint-plugin@6.21.0 want: 6.21.0
517 silly placeDep ROOT @typescript-eslint/visitor-keys@6.21.0 OK for: @typescript-eslint/eslint-plugin@6.21.0 want: 6.21.0
518 silly placeDep ROOT debug@4.4.3 OK for: @typescript-eslint/eslint-plugin@6.21.0 want: ^4.3.4
519 silly placeDep ROOT graphemer@1.4.0 OK for: @typescript-eslint/eslint-plugin@6.21.0 want: ^1.4.0
520 silly placeDep ROOT ignore@5.3.2 OK for: @typescript-eslint/eslint-plugin@6.21.0 want: ^5.2.4
521 silly placeDep ROOT natural-compare@1.4.0 OK for: @typescript-eslint/eslint-plugin@6.21.0 want: ^1.4.0
522 silly placeDep ROOT semver@7.7.4 OK for: @typescript-eslint/eslint-plugin@6.21.0 want: ^7.5.4
523 silly placeDep ROOT ts-api-utils@1.4.3 OK for: @typescript-eslint/eslint-plugin@6.21.0 want: ^1.0.1
524 silly fetch manifest @eslint-community/eslint-utils@^4.4.0
525 silly packumentCache full:https://registry.npmmirror.com/@eslint-community%2feslint-utils cache-hit
526 silly fetch manifest @types/json-schema@^7.0.12
527 silly packumentCache full:https://registry.npmmirror.com/@types%2fjson-schema cache-miss
528 silly fetch manifest @types/semver@^7.5.0
529 silly packumentCache full:https://registry.npmmirror.com/@types%2fsemver cache-miss
530 silly fetch manifest eslint-visitor-keys@^3.4.1
531 silly packumentCache full:https://registry.npmmirror.com/eslint-visitor-keys cache-hit
532 silly fetch manifest ms@^2.1.3
533 silly packumentCache full:https://registry.npmmirror.com/ms cache-miss
534 http fetch GET 200 https://registry.npmmirror.com/@types%2fjson-schema 45ms (cache miss)
535 silly packumentCache full:https://registry.npmmirror.com/@types%2fjson-schema set size:8356 disposed:false
536 http fetch GET 200 https://registry.npmmirror.com/ms 50ms (cache miss)
537 silly packumentCache full:https://registry.npmmirror.com/ms set size:15985 disposed:false
538 http fetch GET 200 https://registry.npmmirror.com/@types%2fsemver 114ms (cache miss)
539 silly packumentCache full:https://registry.npmmirror.com/@types%2fsemver set size:21992 disposed:false
540 silly placeDep ROOT @typescript-eslint/types@6.21.0 OK for: @typescript-eslint/parser@6.21.0 want: 6.21.0
541 silly placeDep ROOT @typescript-eslint/typescript-estree@6.21.0 OK for: @typescript-eslint/parser@6.21.0 want: 6.21.0
542 silly fetch manifest globby@^11.1.0
543 silly packumentCache full:https://registry.npmmirror.com/globby cache-miss
544 silly fetch manifest minimatch@9.0.3
545 silly packumentCache full:https://registry.npmmirror.com/minimatch cache-hit
546 http fetch GET 200 https://registry.npmmirror.com/globby 83ms (cache miss)
547 silly packumentCache full:https://registry.npmmirror.com/globby set size:31617 disposed:false
548 silly placeDep ROOT globby@11.1.0 OK for: @typescript-eslint/typescript-estree@6.21.0 want: ^11.1.0
549 silly placeDep ROOT is-glob@4.0.3 OK for: @typescript-eslint/typescript-estree@6.21.0 want: ^4.0.3
550 silly placeDep ROOT minimatch@9.0.3 OK for: @typescript-eslint/typescript-estree@6.21.0 want: 9.0.3
551 silly fetch manifest array-union@^2.1.0
552 silly packumentCache full:https://registry.npmmirror.com/array-union cache-miss
553 silly fetch manifest dir-glob@^3.0.1
554 silly packumentCache full:https://registry.npmmirror.com/dir-glob cache-miss
555 silly fetch manifest fast-glob@^3.2.9
556 silly packumentCache full:https://registry.npmmirror.com/fast-glob cache-hit
557 silly fetch manifest merge2@^1.4.1
558 silly packumentCache full:https://registry.npmmirror.com/merge2 cache-miss
559 silly fetch manifest slash@^3.0.0
560 silly packumentCache full:https://registry.npmmirror.com/slash cache-miss
561 silly fetch manifest is-extglob@^2.1.1
562 silly packumentCache full:https://registry.npmmirror.com/is-extglob cache-miss
563 silly fetch manifest brace-expansion@^2.0.1
564 silly packumentCache full:https://registry.npmmirror.com/brace-expansion cache-miss
565 http fetch GET 200 https://registry.npmmirror.com/brace-expansion 39ms (cache miss)
566 silly packumentCache full:https://registry.npmmirror.com/brace-expansion set size:13105 disposed:false
567 http fetch GET 200 https://registry.npmmirror.com/slash 43ms (cache miss)
568 silly packumentCache full:https://registry.npmmirror.com/slash set size:5617 disposed:false
569 http fetch GET 200 https://registry.npmmirror.com/is-extglob 42ms (cache miss)
570 silly packumentCache full:https://registry.npmmirror.com/is-extglob set size:3363 disposed:false
571 http fetch GET 200 https://registry.npmmirror.com/merge2 52ms (cache miss)
572 silly packumentCache full:https://registry.npmmirror.com/merge2 set size:8713 disposed:false
573 http fetch GET 200 https://registry.npmmirror.com/array-union 93ms (cache miss)
574 silly packumentCache full:https://registry.npmmirror.com/array-union set size:3535 disposed:false
575 http fetch GET 200 https://registry.npmmirror.com/dir-glob 101ms (cache miss)
576 silly packumentCache full:https://registry.npmmirror.com/dir-glob set size:3995 disposed:false
577 silly placeDep ROOT @eslint-community/eslint-utils@4.9.1 OK for: @typescript-eslint/utils@6.21.0 want: ^4.4.0
578 silly placeDep ROOT @types/json-schema@7.0.15 OK for: @typescript-eslint/utils@6.21.0 want: ^7.0.12
579 silly placeDep ROOT @types/semver@7.7.1 OK for: @typescript-eslint/utils@6.21.0 want: ^7.5.0
580 silly placeDep ROOT eslint-visitor-keys@3.4.3 OK for: @eslint-community/eslint-utils@4.9.1 want: ^3.4.3
581 silly placeDep ROOT @babel/core@7.29.0 OK for: @vitejs/plugin-react@4.7.0 want: ^7.28.0
582 silly placeDep ROOT @babel/plugin-transform-react-jsx-self@7.27.1 OK for: @vitejs/plugin-react@4.7.0 want: ^7.27.1
583 silly placeDep ROOT @babel/plugin-transform-react-jsx-source@7.27.1 OK for: @vitejs/plugin-react@4.7.0 want: ^7.27.1
584 silly placeDep ROOT @rolldown/pluginutils@1.0.0-beta.27 OK for: @vitejs/plugin-react@4.7.0 want: 1.0.0-beta.27
585 silly placeDep ROOT @types/babel__core@7.20.5 OK for: @vitejs/plugin-react@4.7.0 want: ^7.20.5
586 silly placeDep ROOT react-refresh@0.17.0 OK for: @vitejs/plugin-react@4.7.0 want: ^0.17.0
587 silly fetch manifest @babel/code-frame@^7.29.0
588 silly packumentCache full:https://registry.npmmirror.com/@babel%2fcode-frame cache-miss
589 silly fetch manifest @babel/generator@^7.29.0
590 silly packumentCache full:https://registry.npmmirror.com/@babel%2fgenerator cache-miss
591 silly fetch manifest @babel/helper-compilation-targets@^7.28.6
592 silly packumentCache full:https://registry.npmmirror.com/@babel%2fhelper-compilation-targets cache-miss
593 silly fetch manifest @babel/helper-module-transforms@^7.28.6
594 silly packumentCache full:https://registry.npmmirror.com/@babel%2fhelper-module-transforms cache-miss
595 silly fetch manifest @babel/helpers@^7.28.6
596 silly packumentCache full:https://registry.npmmirror.com/@babel%2fhelpers cache-miss
597 silly fetch manifest @babel/parser@^7.29.0
598 silly packumentCache full:https://registry.npmmirror.com/@babel%2fparser cache-miss
599 silly fetch manifest @babel/template@^7.28.6
600 silly packumentCache full:https://registry.npmmirror.com/@babel%2ftemplate cache-miss
601 http fetch GET 200 https://registry.npmmirror.com/@babel%2fhelper-compilation-targets 55ms (cache miss)
602 silly packumentCache full:https://registry.npmmirror.com/@babel%2fhelper-compilation-targets set size:40589 disposed:false
603 silly fetch manifest @babel/traverse@^7.29.0
604 silly packumentCache full:https://registry.npmmirror.com/@babel%2ftraverse cache-miss
605 http fetch GET 200 https://registry.npmmirror.com/@babel%2fhelpers 101ms (cache miss)
606 silly packumentCache full:https://registry.npmmirror.com/@babel%2fhelpers set size:69432 disposed:false
607 silly fetch manifest @babel/types@^7.29.0
608 silly packumentCache full:https://registry.npmmirror.com/@babel%2ftypes cache-miss
609 http fetch GET 200 https://registry.npmmirror.com/@babel%2fcode-frame 114ms (cache miss)
610 silly packumentCache full:https://registry.npmmirror.com/@babel%2fcode-frame set size:34260 disposed:false
611 silly fetch manifest @jridgewell/remapping@^2.3.5
612 silly packumentCache full:https://registry.npmmirror.com/@jridgewell%2fremapping cache-miss
613 http fetch GET 200 https://registry.npmmirror.com/@babel%2ftemplate 146ms (cache miss)
614 silly packumentCache full:https://registry.npmmirror.com/@babel%2ftemplate set size:38677 disposed:false
615 silly fetch manifest convert-source-map@^2.0.0
616 silly packumentCache full:https://registry.npmmirror.com/convert-source-map cache-miss
617 http fetch GET 200 https://registry.npmmirror.com/@babel%2fgenerator 151ms (cache miss)
618 silly packumentCache full:https://registry.npmmirror.com/@babel%2fgenerator set size:88596 disposed:false
619 silly fetch manifest gensync@^1.0.0-beta.2
620 silly packumentCache full:https://registry.npmmirror.com/gensync cache-miss
621 http fetch GET 200 https://registry.npmmirror.com/@babel%2fhelper-module-transforms 153ms (cache miss)
622 silly packumentCache full:https://registry.npmmirror.com/@babel%2fhelper-module-transforms set size:57390 disposed:false
623 silly fetch manifest json5@^2.2.3
624 silly packumentCache full:https://registry.npmmirror.com/json5 cache-miss
625 http fetch GET 200 https://registry.npmmirror.com/@babel%2fparser 158ms (cache miss)
626 silly packumentCache full:https://registry.npmmirror.com/@babel%2fparser set size:106855 disposed:false
627 silly fetch manifest semver@^6.3.1
628 silly packumentCache full:https://registry.npmmirror.com/semver cache-hit
629 silly fetch manifest @babel/helper-plugin-utils@^7.27.1
630 silly packumentCache full:https://registry.npmmirror.com/@babel%2fhelper-plugin-utils cache-miss
631 http fetch GET 200 https://registry.npmmirror.com/@jridgewell%2fremapping 49ms (cache miss)
632 silly packumentCache full:https://registry.npmmirror.com/@jridgewell%2fremapping set size:6023 disposed:false
633 silly fetch manifest @babel/helper-plugin-utils@^7.27.1
634 silly packumentCache full:https://registry.npmmirror.com/@babel%2fhelper-plugin-utils cache-miss
635 http fetch GET 200 https://registry.npmmirror.com/@babel%2ftraverse 110ms (cache miss)
636 silly packumentCache full:https://registry.npmmirror.com/@babel%2ftraverse set size:94327 disposed:false
637 silly fetch manifest @babel/parser@^7.20.7
638 silly packumentCache full:https://registry.npmmirror.com/@babel%2fparser cache-hit
639 silly fetch manifest @babel/types@^7.20.7
640 silly packumentCache full:https://registry.npmmirror.com/@babel%2ftypes cache-miss
641 http fetch GET 200 https://registry.npmmirror.com/@babel%2ftypes 68ms (cache miss)
642 silly packumentCache full:https://registry.npmmirror.com/@babel%2ftypes set size:80674 disposed:false
643 silly fetch manifest @types/babel__generator@*
644 silly packumentCache full:https://registry.npmmirror.com/@types%2fbabel__generator cache-miss
645 http fetch GET 200 https://registry.npmmirror.com/convert-source-map 35ms (cache miss)
646 silly packumentCache full:https://registry.npmmirror.com/convert-source-map set size:13631 disposed:false
647 silly fetch manifest @types/babel__template@*
648 silly packumentCache full:https://registry.npmmirror.com/@types%2fbabel__template cache-miss
649 http fetch GET 200 https://registry.npmmirror.com/json5 48ms (cache miss)
650 silly packumentCache full:https://registry.npmmirror.com/json5 set size:18850 disposed:false
651 silly fetch manifest @types/babel__traverse@*
652 silly packumentCache full:https://registry.npmmirror.com/@types%2fbabel__traverse cache-miss
653 http fetch GET 200 https://registry.npmmirror.com/gensync 54ms (cache miss)
654 silly packumentCache full:https://registry.npmmirror.com/gensync set size:3930 disposed:false
655 http fetch GET 200 https://registry.npmmirror.com/@babel%2ftypes 78ms (cache miss)
656 silly packumentCache full:https://registry.npmmirror.com/@babel%2ftypes set size:80674 disposed:false
657 silly packumentCache full:https://registry.npmmirror.com/@babel%2ftypes dispose
658 http fetch GET 200 https://registry.npmmirror.com/@types%2fbabel__traverse 46ms (cache miss)
659 silly packumentCache full:https://registry.npmmirror.com/@types%2fbabel__traverse set size:19838 disposed:false
660 http fetch GET 200 https://registry.npmmirror.com/@babel%2fhelper-plugin-utils 100ms (cache miss)
661 silly packumentCache full:https://registry.npmmirror.com/@babel%2fhelper-plugin-utils set size:32986 disposed:false
662 http fetch GET 200 https://registry.npmmirror.com/@babel%2fhelper-plugin-utils 109ms (cache miss)
663 silly packumentCache full:https://registry.npmmirror.com/@babel%2fhelper-plugin-utils set size:32986 disposed:false
664 silly packumentCache full:https://registry.npmmirror.com/@babel%2fhelper-plugin-utils dispose
665 http fetch GET 200 https://registry.npmmirror.com/@types%2fbabel__generator 99ms (cache miss)
666 silly packumentCache full:https://registry.npmmirror.com/@types%2fbabel__generator set size:6271 disposed:false
667 http fetch GET 200 https://registry.npmmirror.com/@types%2fbabel__template 97ms (cache miss)
668 silly packumentCache full:https://registry.npmmirror.com/@types%2fbabel__template set size:4175 disposed:false
669 silly placeDep ROOT @babel/code-frame@7.29.0 OK for: @babel/core@7.29.0 want: ^7.29.0
670 silly placeDep ROOT @babel/generator@7.29.1 OK for: @babel/core@7.29.0 want: ^7.29.0
671 silly placeDep ROOT @babel/helper-compilation-targets@7.28.6 OK for: @babel/core@7.29.0 want: ^7.28.6
672 silly placeDep ROOT @babel/helper-module-transforms@7.28.6 OK for: @babel/core@7.29.0 want: ^7.28.6
673 silly placeDep ROOT @babel/helpers@7.29.2 OK for: @babel/core@7.29.0 want: ^7.28.6
674 silly placeDep ROOT @babel/parser@7.29.2 OK for: @babel/core@7.29.0 want: ^7.29.0
675 silly placeDep ROOT @babel/template@7.28.6 OK for: @babel/core@7.29.0 want: ^7.28.6
676 silly placeDep ROOT @babel/traverse@7.29.0 OK for: @babel/core@7.29.0 want: ^7.29.0
677 silly placeDep ROOT @babel/types@7.29.0 OK for: @babel/core@7.29.0 want: ^7.29.0
678 silly placeDep ROOT @jridgewell/remapping@2.3.5 OK for: @babel/core@7.29.0 want: ^2.3.5
679 silly placeDep ROOT convert-source-map@2.0.0 OK for: @babel/core@7.29.0 want: ^2.0.0
680 silly placeDep ROOT gensync@1.0.0-beta.2 OK for: @babel/core@7.29.0 want: ^1.0.0-beta.2
681 silly placeDep ROOT json5@2.2.3 OK for: @babel/core@7.29.0 want: ^2.2.3
682 silly placeDep node_modules/@babel/core semver@6.3.1 OK for: @babel/core@7.29.0 want: ^6.3.1
683 silly fetch manifest @babel/helper-validator-identifier@^7.28.5
684 silly packumentCache full:https://registry.npmmirror.com/@babel%2fhelper-validator-identifier cache-miss
685 silly fetch manifest js-tokens@^4.0.0
686 silly packumentCache full:https://registry.npmmirror.com/js-tokens cache-miss
687 silly fetch manifest @jridgewell/gen-mapping@^0.3.12
688 silly packumentCache full:https://registry.npmmirror.com/@jridgewell%2fgen-mapping cache-miss
689 silly fetch manifest @jridgewell/trace-mapping@^0.3.28
690 silly packumentCache full:https://registry.npmmirror.com/@jridgewell%2ftrace-mapping cache-miss
691 silly fetch manifest jsesc@^3.0.2
692 silly packumentCache full:https://registry.npmmirror.com/jsesc cache-miss
693 silly fetch manifest @babel/compat-data@^7.28.6
694 silly packumentCache full:https://registry.npmmirror.com/@babel%2fcompat-data cache-miss
695 silly fetch manifest @babel/helper-validator-option@^7.27.1
696 silly packumentCache full:https://registry.npmmirror.com/@babel%2fhelper-validator-option cache-miss
697 http fetch GET 200 https://registry.npmmirror.com/@jridgewell%2ftrace-mapping 49ms (cache miss)
698 silly packumentCache full:https://registry.npmmirror.com/@jridgewell%2ftrace-mapping set size:40595 disposed:false
699 silly fetch manifest browserslist@^4.24.0
700 silly packumentCache full:https://registry.npmmirror.com/browserslist cache-hit
701 silly fetch manifest lru-cache@^5.1.1
702 silly packumentCache full:https://registry.npmmirror.com/lru-cache cache-miss
703 http fetch GET 200 https://registry.npmmirror.com/jsesc 53ms (cache miss)
704 silly packumentCache full:https://registry.npmmirror.com/jsesc set size:12774 disposed:false
705 silly fetch manifest @babel/helper-module-imports@^7.28.6
706 silly packumentCache full:https://registry.npmmirror.com/@babel%2fhelper-module-imports cache-miss
707 http fetch GET 200 https://registry.npmmirror.com/@babel%2fhelper-validator-identifier 60ms (cache miss)
708 silly packumentCache full:https://registry.npmmirror.com/@babel%2fhelper-validator-identifier set size:23402 disposed:false
709 silly fetch manifest @babel/traverse@^7.28.6
710 silly packumentCache full:https://registry.npmmirror.com/@babel%2ftraverse cache-hit
711 silly fetch manifest @babel/types@^7.28.6
712 silly packumentCache full:https://registry.npmmirror.com/@babel%2ftypes cache-hit
713 silly fetch manifest @babel/helper-globals@^7.28.0
714 silly packumentCache full:https://registry.npmmirror.com/@babel%2fhelper-globals cache-miss
715 http fetch GET 200 https://registry.npmmirror.com/js-tokens 168ms (cache miss)
716 silly packumentCache full:https://registry.npmmirror.com/js-tokens set size:9897 disposed:false
717 silly fetch manifest @babel/helper-string-parser@^7.27.1
718 silly packumentCache full:https://registry.npmmirror.com/@babel%2fhelper-string-parser cache-miss
719 http fetch GET 200 https://registry.npmmirror.com/@jridgewell%2fgen-mapping 171ms (cache miss)
720 silly packumentCache full:https://registry.npmmirror.com/@jridgewell%2fgen-mapping set size:17889 disposed:false
721 silly fetch manifest @jridgewell/gen-mapping@^0.3.5
722 silly packumentCache full:https://registry.npmmirror.com/@jridgewell%2fgen-mapping cache-hit
723 silly fetch manifest @jridgewell/trace-mapping@^0.3.24
724 silly packumentCache full:https://registry.npmmirror.com/@jridgewell%2ftrace-mapping cache-hit
725 http fetch GET 200 https://registry.npmmirror.com/@babel%2fhelper-validator-option 169ms (cache miss)
726 silly packumentCache full:https://registry.npmmirror.com/@babel%2fhelper-validator-option set size:20582 disposed:false
727 http fetch GET 200 https://registry.npmmirror.com/@babel%2fcompat-data 170ms (cache miss)
728 silly packumentCache full:https://registry.npmmirror.com/@babel%2fcompat-data set size:54859 disposed:false
729 http fetch GET 200 https://registry.npmmirror.com/lru-cache 126ms (cache miss)
730 silly packumentCache full:https://registry.npmmirror.com/lru-cache set size:105060 disposed:false
731 http fetch GET 200 https://registry.npmmirror.com/@babel%2fhelper-module-imports 146ms (cache miss)
732 silly packumentCache full:https://registry.npmmirror.com/@babel%2fhelper-module-imports set size:33160 disposed:false
733 http fetch GET 200 https://registry.npmmirror.com/@babel%2fhelper-string-parser 43ms (cache miss)
734 silly packumentCache full:https://registry.npmmirror.com/@babel%2fhelper-string-parser set size:19419 disposed:false
735 http fetch GET 200 https://registry.npmmirror.com/@babel%2fhelper-globals 184ms (cache miss)
736 silly packumentCache full:https://registry.npmmirror.com/@babel%2fhelper-globals set size:3486 disposed:false
737 silly placeDep ROOT @babel/helper-validator-identifier@7.28.5 OK for: @babel/code-frame@7.29.0 want: ^7.28.5
738 silly placeDep ROOT js-tokens@4.0.0 OK for: @babel/code-frame@7.29.0 want: ^4.0.0
739 silly placeDep ROOT picocolors@1.1.1 OK for: @babel/code-frame@7.29.0 want: ^1.1.1
740 silly placeDep ROOT @jridgewell/gen-mapping@0.3.13 OK for: @babel/generator@7.29.1 want: ^0.3.12
741 silly placeDep ROOT @jridgewell/trace-mapping@0.3.31 OK for: @babel/generator@7.29.1 want: ^0.3.28
742 silly placeDep ROOT jsesc@3.1.0 OK for: @babel/generator@7.29.1 want: ^3.0.2
743 silly fetch manifest @jridgewell/sourcemap-codec@^1.5.0
744 silly packumentCache full:https://registry.npmmirror.com/@jridgewell%2fsourcemap-codec cache-miss
745 silly fetch manifest @jridgewell/resolve-uri@^3.1.0
746 silly packumentCache full:https://registry.npmmirror.com/@jridgewell%2fresolve-uri cache-miss
747 silly fetch manifest @jridgewell/sourcemap-codec@^1.4.14
748 silly packumentCache full:https://registry.npmmirror.com/@jridgewell%2fsourcemap-codec cache-miss
749 http fetch GET 200 https://registry.npmmirror.com/@jridgewell%2fsourcemap-codec 56ms (cache miss)
750 silly packumentCache full:https://registry.npmmirror.com/@jridgewell%2fsourcemap-codec set size:14577 disposed:false
751 http fetch GET 200 https://registry.npmmirror.com/@jridgewell%2fsourcemap-codec 57ms (cache miss)
752 silly packumentCache full:https://registry.npmmirror.com/@jridgewell%2fsourcemap-codec set size:14577 disposed:false
753 silly packumentCache full:https://registry.npmmirror.com/@jridgewell%2fsourcemap-codec dispose
754 http fetch GET 200 https://registry.npmmirror.com/@jridgewell%2fresolve-uri 58ms (cache miss)
755 silly packumentCache full:https://registry.npmmirror.com/@jridgewell%2fresolve-uri set size:14497 disposed:false
756 silly placeDep ROOT @babel/compat-data@7.29.0 OK for: @babel/helper-compilation-targets@7.28.6 want: ^7.28.6
757 silly placeDep ROOT @babel/helper-validator-option@7.27.1 OK for: @babel/helper-compilation-targets@7.28.6 want: ^7.27.1
758 silly placeDep ROOT browserslist@4.28.2 OK for: @babel/helper-compilation-targets@7.28.6 want: ^4.24.0
759 silly placeDep ROOT lru-cache@5.1.1 OK for: @babel/helper-compilation-targets@7.28.6 want: ^5.1.1
760 silly placeDep node_modules/@babel/helper-compilation-targets semver@6.3.1 OK for: @babel/helper-compilation-targets@7.28.6 want: ^6.3.1
761 silly fetch manifest baseline-browser-mapping@^2.10.12
762 silly packumentCache full:https://registry.npmmirror.com/baseline-browser-mapping cache-miss
763 silly fetch manifest caniuse-lite@^1.0.30001782
764 silly packumentCache full:https://registry.npmmirror.com/caniuse-lite cache-hit
765 silly fetch manifest electron-to-chromium@^1.5.328
766 silly packumentCache full:https://registry.npmmirror.com/electron-to-chromium cache-miss
767 silly fetch manifest node-releases@^2.0.36
768 silly packumentCache full:https://registry.npmmirror.com/node-releases cache-miss
769 silly fetch manifest update-browserslist-db@^1.2.3
770 silly packumentCache full:https://registry.npmmirror.com/update-browserslist-db cache-miss
771 silly fetch manifest yallist@^3.0.2
772 silly packumentCache full:https://registry.npmmirror.com/yallist cache-miss
773 http fetch GET 200 https://registry.npmmirror.com/yallist 54ms (cache miss)
774 silly packumentCache full:https://registry.npmmirror.com/yallist set size:7662 disposed:false
775 http fetch GET 200 https://registry.npmmirror.com/update-browserslist-db 55ms (cache miss)
776 silly packumentCache full:https://registry.npmmirror.com/update-browserslist-db set size:17723 disposed:false
777 http fetch GET 200 https://registry.npmmirror.com/baseline-browser-mapping 67ms (cache miss)
778 silly packumentCache full:https://registry.npmmirror.com/baseline-browser-mapping set size:63816 disposed:false
779 http fetch GET 200 https://registry.npmmirror.com/node-releases 71ms (cache miss)
780 silly packumentCache full:https://registry.npmmirror.com/node-releases set size:38484 disposed:false
781 http fetch GET 200 https://registry.npmmirror.com/electron-to-chromium 248ms (cache miss)
782 silly packumentCache full:https://registry.npmmirror.com/electron-to-chromium set size:809193 disposed:false
783 silly placeDep ROOT @babel/helper-module-imports@7.28.6 OK for: @babel/helper-module-transforms@7.28.6 want: ^7.28.6
784 silly placeDep ROOT @babel/helper-plugin-utils@7.28.6 OK for: @babel/plugin-transform-react-jsx-self@7.27.1 want: ^7.27.1
785 silly placeDep ROOT @babel/helper-globals@7.28.0 OK for: @babel/traverse@7.29.0 want: ^7.28.0
786 silly placeDep ROOT @babel/helper-string-parser@7.27.1 OK for: @babel/types@7.29.0 want: ^7.27.1
787 silly placeDep ROOT @jridgewell/sourcemap-codec@1.5.5 OK for: @jridgewell/gen-mapping@0.3.13 want: ^1.5.0
788 silly placeDep ROOT @jridgewell/resolve-uri@3.1.2 OK for: @jridgewell/trace-mapping@0.3.31 want: ^3.1.0
789 silly placeDep ROOT @types/babel__generator@7.27.0 OK for: @types/babel__core@7.20.5 want: *
790 silly placeDep ROOT @types/babel__template@7.4.4 OK for: @types/babel__core@7.20.5 want: *
791 silly placeDep ROOT @types/babel__traverse@7.28.0 OK for: @types/babel__core@7.20.5 want: *
792 silly placeDep ROOT caniuse-lite@1.0.30001790 OK for: autoprefixer@10.5.0 want: ^1.0.30001787
793 silly placeDep ROOT fraction.js@5.3.4 OK for: autoprefixer@10.5.0 want: ^5.3.4
794 silly placeDep ROOT postcss-value-parser@4.2.0 OK for: autoprefixer@10.5.0 want: ^4.2.0
795 silly placeDep ROOT follow-redirects@1.16.0 OK for: axios@1.15.2 want: ^1.15.11
796 silly placeDep ROOT form-data@4.0.5 OK for: axios@1.15.2 want: ^4.0.5
797 silly placeDep ROOT proxy-from-env@2.1.0 OK for: axios@1.15.2 want: ^2.1.0
798 silly fetch manifest asynckit@^0.4.0
799 silly packumentCache full:https://registry.npmmirror.com/asynckit cache-miss
800 silly fetch manifest combined-stream@^1.0.8
801 silly packumentCache full:https://registry.npmmirror.com/combined-stream cache-miss
802 silly fetch manifest es-set-tostringtag@^2.1.0
803 silly packumentCache full:https://registry.npmmirror.com/es-set-tostringtag cache-miss
804 silly fetch manifest hasown@^2.0.2
805 silly packumentCache full:https://registry.npmmirror.com/hasown cache-miss
806 silly fetch manifest mime-types@^2.1.12
807 silly packumentCache full:https://registry.npmmirror.com/mime-types cache-miss
808 http fetch GET 200 https://registry.npmmirror.com/asynckit 40ms (cache miss)
809 silly packumentCache full:https://registry.npmmirror.com/asynckit set size:4942 disposed:false
810 http fetch GET 200 https://registry.npmmirror.com/es-set-tostringtag 40ms (cache miss)
811 silly packumentCache full:https://registry.npmmirror.com/es-set-tostringtag set size:6558 disposed:false
812 http fetch GET 200 https://registry.npmmirror.com/mime-types 42ms (cache miss)
813 silly packumentCache full:https://registry.npmmirror.com/mime-types set size:21356 disposed:false
814 http fetch GET 200 https://registry.npmmirror.com/hasown 43ms (cache miss)
815 silly packumentCache full:https://registry.npmmirror.com/hasown set size:4410 disposed:false
816 http fetch GET 200 https://registry.npmmirror.com/combined-stream 44ms (cache miss)
817 silly packumentCache full:https://registry.npmmirror.com/combined-stream set size:7154 disposed:false
818 silly placeDep ROOT baseline-browser-mapping@2.10.21 OK for: browserslist@4.28.2 want: ^2.10.12
819 silly placeDep ROOT electron-to-chromium@1.5.344 OK for: browserslist@4.28.2 want: ^1.5.328
820 silly placeDep ROOT node-releases@2.0.38 OK for: browserslist@4.28.2 want: ^2.0.36
821 silly placeDep ROOT update-browserslist-db@1.2.3 OK for: browserslist@4.28.2 want: ^1.2.3
822 silly fetch manifest escalade@^3.2.0
823 silly packumentCache full:https://registry.npmmirror.com/escalade cache-miss
824 http fetch GET 200 https://registry.npmmirror.com/escalade 37ms (cache miss)
825 silly packumentCache full:https://registry.npmmirror.com/escalade set size:6820 disposed:false
826 silly placeDep ROOT ms@2.1.3 OK for: debug@4.4.3 want: ^2.1.3
827 silly placeDep ROOT @eslint/eslintrc@2.1.4 OK for: eslint@8.57.1 want: ^2.1.4
828 silly placeDep ROOT @eslint/js@8.57.1 OK for: eslint@8.57.1 want: 8.57.1
829 silly placeDep ROOT @humanwhocodes/config-array@0.13.0 OK for: eslint@8.57.1 want: ^0.13.0
830 silly placeDep ROOT @humanwhocodes/module-importer@1.0.1 OK for: eslint@8.57.1 want: ^1.0.1
831 silly placeDep ROOT @nodelib/fs.walk@1.2.8 OK for: eslint@8.57.1 want: ^1.2.8
832 silly placeDep ROOT @ungap/structured-clone@1.3.0 OK for: eslint@8.57.1 want: ^1.2.0
833 silly placeDep ROOT ajv@6.14.0 OK for: eslint@8.57.1 want: ^6.12.4
834 silly placeDep ROOT chalk@4.1.2 OK for: eslint@8.57.1 want: ^4.0.0
835 silly placeDep ROOT cross-spawn@7.0.6 OK for: eslint@8.57.1 want: ^7.0.2
836 silly placeDep ROOT doctrine@3.0.0 OK for: eslint@8.57.1 want: ^3.0.0
837 silly placeDep ROOT escape-string-regexp@4.0.0 OK for: eslint@8.57.1 want: ^4.0.0
838 silly placeDep ROOT eslint-scope@7.2.2 OK for: eslint@8.57.1 want: ^7.2.2
839 silly placeDep ROOT espree@9.6.1 OK for: eslint@8.57.1 want: ^9.6.1
840 silly placeDep ROOT esquery@1.7.0 OK for: eslint@8.57.1 want: ^1.4.2
841 silly placeDep ROOT esutils@2.0.3 OK for: eslint@8.57.1 want: ^2.0.2
842 silly placeDep ROOT fast-deep-equal@3.1.3 OK for: eslint@8.57.1 want: ^3.1.3
843 silly placeDep ROOT file-entry-cache@6.0.1 OK for: eslint@8.57.1 want: ^6.0.1
844 silly placeDep ROOT find-up@5.0.0 OK for: eslint@8.57.1 want: ^5.0.0
845 silly placeDep ROOT glob-parent@6.0.2 OK for: eslint@8.57.1 want: ^6.0.2
846 silly placeDep ROOT globals@13.24.0 OK for: eslint@8.57.1 want: ^13.19.0
847 silly placeDep ROOT imurmurhash@0.1.4 OK for: eslint@8.57.1 want: ^0.1.4
848 silly placeDep ROOT is-path-inside@3.0.3 OK for: eslint@8.57.1 want: ^3.0.3
849 silly placeDep ROOT js-yaml@4.1.1 OK for: eslint@8.57.1 want: ^4.1.0
850 silly placeDep ROOT json-stable-stringify-without-jsonify@1.0.1 OK for: eslint@8.57.1 want: ^1.0.1
851 silly placeDep ROOT levn@0.4.1 OK for: eslint@8.57.1 want: ^0.4.1
852 silly placeDep ROOT lodash.merge@4.6.2 OK for: eslint@8.57.1 want: ^4.6.2
853 silly placeDep node_modules/eslint minimatch@3.1.5 OK for: eslint@8.57.1 want: ^3.1.2
854 silly placeDep ROOT optionator@0.9.4 OK for: eslint@8.57.1 want: ^0.9.3
855 silly placeDep ROOT strip-ansi@6.0.1 OK for: eslint@8.57.1 want: ^6.0.1
856 silly placeDep ROOT text-table@0.2.0 OK for: eslint@8.57.1 want: ^0.2.0
857 silly fetch manifest espree@^9.6.0
858 silly packumentCache full:https://registry.npmmirror.com/espree cache-hit
859 silly fetch manifest import-fresh@^3.2.1
860 silly packumentCache full:https://registry.npmmirror.com/import-fresh cache-miss
861 silly fetch manifest strip-json-comments@^3.1.1
862 silly packumentCache full:https://registry.npmmirror.com/strip-json-comments cache-miss
863 silly fetch manifest @humanwhocodes/object-schema@^2.0.3
864 silly packumentCache full:https://registry.npmmirror.com/@humanwhocodes%2fobject-schema cache-miss
865 silly fetch manifest minimatch@^3.0.5
866 silly packumentCache full:https://registry.npmmirror.com/minimatch cache-hit
867 silly fetch manifest @nodelib/fs.scandir@2.1.5
868 silly packumentCache full:https://registry.npmmirror.com/@nodelib%2ffs.scandir cache-miss
869 silly fetch manifest fastq@^1.6.0
870 silly packumentCache full:https://registry.npmmirror.com/fastq cache-miss
871 silly fetch manifest fast-deep-equal@^3.1.1
872 silly packumentCache full:https://registry.npmmirror.com/fast-deep-equal cache-hit
873 silly fetch manifest fast-json-stable-stringify@^2.0.0
874 silly packumentCache full:https://registry.npmmirror.com/fast-json-stable-stringify cache-miss
875 silly fetch manifest json-schema-traverse@^0.4.1
876 silly packumentCache full:https://registry.npmmirror.com/json-schema-traverse cache-miss
877 http fetch GET 200 https://registry.npmmirror.com/fast-json-stable-stringify 55ms (cache miss)
878 silly packumentCache full:https://registry.npmmirror.com/fast-json-stable-stringify set size:3326 disposed:false
879 silly fetch manifest uri-js@^4.2.2
880 silly packumentCache full:https://registry.npmmirror.com/uri-js cache-miss
881 http fetch GET 200 https://registry.npmmirror.com/json-schema-traverse 56ms (cache miss)
882 silly packumentCache full:https://registry.npmmirror.com/json-schema-traverse set size:4662 disposed:false
883 silly fetch manifest ansi-styles@^4.1.0
884 silly packumentCache full:https://registry.npmmirror.com/ansi-styles cache-miss
885 http fetch GET 200 https://registry.npmmirror.com/import-fresh 60ms (cache miss)
886 silly packumentCache full:https://registry.npmmirror.com/import-fresh set size:4923 disposed:false
887 silly fetch manifest supports-color@^7.1.0
888 silly packumentCache full:https://registry.npmmirror.com/supports-color cache-miss
889 http fetch GET 200 https://registry.npmmirror.com/@humanwhocodes%2fobject-schema 61ms (cache miss)
890 silly packumentCache full:https://registry.npmmirror.com/@humanwhocodes%2fobject-schema set size:5855 disposed:false
891 silly fetch manifest path-key@^3.1.0
892 silly packumentCache full:https://registry.npmmirror.com/path-key cache-miss
893 http fetch GET 200 https://registry.npmmirror.com/@nodelib%2ffs.scandir 61ms (cache miss)
894 silly packumentCache full:https://registry.npmmirror.com/@nodelib%2ffs.scandir set size:8538 disposed:false
895 silly fetch manifest shebang-command@^2.0.0
896 silly packumentCache full:https://registry.npmmirror.com/shebang-command cache-miss
897 http fetch GET 200 https://registry.npmmirror.com/fastq 62ms (cache miss)
898 silly packumentCache full:https://registry.npmmirror.com/fastq set size:15037 disposed:false
899 silly fetch manifest which@^2.0.1
900 silly packumentCache full:https://registry.npmmirror.com/which cache-miss
901 http fetch GET 200 https://registry.npmmirror.com/strip-json-comments 112ms (cache miss)
902 silly packumentCache full:https://registry.npmmirror.com/strip-json-comments set size:8266 disposed:false
903 silly fetch manifest esrecurse@^4.3.0
904 silly packumentCache full:https://registry.npmmirror.com/esrecurse cache-miss
905 http fetch GET 200 https://registry.npmmirror.com/ansi-styles 55ms (cache miss)
906 silly packumentCache full:https://registry.npmmirror.com/ansi-styles set size:13769 disposed:false
907 silly fetch manifest estraverse@^5.2.0
908 silly packumentCache full:https://registry.npmmirror.com/estraverse cache-miss
909 http fetch GET 200 https://registry.npmmirror.com/shebang-command 55ms (cache miss)
910 silly packumentCache full:https://registry.npmmirror.com/shebang-command set size:2106 disposed:false
911 silly fetch manifest acorn@^8.9.0
912 silly packumentCache full:https://registry.npmmirror.com/acorn cache-miss
913 http fetch GET 200 https://registry.npmmirror.com/path-key 56ms (cache miss)
914 silly packumentCache full:https://registry.npmmirror.com/path-key set size:3439 disposed:false
915 silly fetch manifest acorn-jsx@^5.3.2
916 silly packumentCache full:https://registry.npmmirror.com/acorn-jsx cache-miss
917 http fetch GET 200 https://registry.npmmirror.com/uri-js 60ms (cache miss)
918 silly packumentCache full:https://registry.npmmirror.com/uri-js set size:8117 disposed:false
919 silly fetch manifest estraverse@^5.1.0
920 silly packumentCache full:https://registry.npmmirror.com/estraverse cache-miss
921 http fetch GET 200 https://registry.npmmirror.com/which 56ms (cache miss)
922 silly packumentCache full:https://registry.npmmirror.com/which set size:14336 disposed:false
923 silly fetch manifest flat-cache@^3.0.4
924 silly packumentCache full:https://registry.npmmirror.com/flat-cache cache-miss
925 http fetch GET 200 https://registry.npmmirror.com/supports-color 61ms (cache miss)
926 silly packumentCache full:https://registry.npmmirror.com/supports-color set size:23036 disposed:false
927 silly fetch manifest locate-path@^6.0.0
928 silly packumentCache full:https://registry.npmmirror.com/locate-path cache-miss
929 http fetch GET 200 https://registry.npmmirror.com/estraverse 67ms (cache miss)
930 silly packumentCache full:https://registry.npmmirror.com/estraverse set size:10988 disposed:false
931 silly fetch manifest path-exists@^4.0.0
932 silly packumentCache full:https://registry.npmmirror.com/path-exists cache-miss
933 http fetch GET 200 https://registry.npmmirror.com/estraverse 65ms (cache miss)
934 silly packumentCache full:https://registry.npmmirror.com/estraverse set size:10988 disposed:false
935 silly packumentCache full:https://registry.npmmirror.com/estraverse dispose
936 silly fetch manifest type-fest@^0.20.2
937 silly packumentCache full:https://registry.npmmirror.com/type-fest cache-miss
938 http fetch GET 200 https://registry.npmmirror.com/acorn 68ms (cache miss)
939 silly packumentCache full:https://registry.npmmirror.com/acorn set size:52292 disposed:false
940 silly fetch manifest argparse@^2.0.1
941 silly packumentCache full:https://registry.npmmirror.com/argparse cache-miss
942 http fetch GET 200 https://registry.npmmirror.com/esrecurse 77ms (cache miss)
943 silly packumentCache full:https://registry.npmmirror.com/esrecurse set size:6561 disposed:false
944 silly fetch manifest prelude-ls@^1.2.1
945 silly packumentCache full:https://registry.npmmirror.com/prelude-ls cache-miss
946 http fetch GET 200 https://registry.npmmirror.com/locate-path 70ms (cache miss)
947 silly packumentCache full:https://registry.npmmirror.com/locate-path set size:7506 disposed:false
948 silly fetch manifest type-check@~0.4.0
949 silly packumentCache full:https://registry.npmmirror.com/type-check cache-miss
950 http fetch GET 200 https://registry.npmmirror.com/flat-cache 71ms (cache miss)
951 silly packumentCache full:https://registry.npmmirror.com/flat-cache set size:27303 disposed:false
952 silly fetch manifest brace-expansion@^1.1.7
953 silly packumentCache full:https://registry.npmmirror.com/brace-expansion cache-hit
954 silly fetch manifest prelude-ls@^1.2.1
955 silly packumentCache full:https://registry.npmmirror.com/prelude-ls cache-miss
956 http fetch GET 200 https://registry.npmmirror.com/path-exists 35ms (cache miss)
957 silly packumentCache full:https://registry.npmmirror.com/path-exists set size:3293 disposed:false
958 silly fetch manifest deep-is@^0.1.3
959 silly packumentCache full:https://registry.npmmirror.com/deep-is cache-miss
960 http fetch GET 200 https://registry.npmmirror.com/prelude-ls 43ms (cache miss)
961 silly packumentCache full:https://registry.npmmirror.com/prelude-ls set size:4654 disposed:false
962 silly fetch manifest word-wrap@^1.2.5
963 silly packumentCache full:https://registry.npmmirror.com/word-wrap cache-miss
964 http fetch GET 200 https://registry.npmmirror.com/acorn-jsx 119ms (cache miss)
965 silly packumentCache full:https://registry.npmmirror.com/acorn-jsx set size:11737 disposed:false
966 silly fetch manifest type-check@^0.4.0
967 silly packumentCache full:https://registry.npmmirror.com/type-check cache-miss
968 http fetch GET 200 https://registry.npmmirror.com/argparse 50ms (cache miss)
969 silly packumentCache full:https://registry.npmmirror.com/argparse set size:9450 disposed:false
970 silly fetch manifest fast-levenshtein@^2.0.6
971 silly packumentCache full:https://registry.npmmirror.com/fast-levenshtein cache-miss
972 http fetch GET 200 https://registry.npmmirror.com/type-check 49ms (cache miss)
973 silly packumentCache full:https://registry.npmmirror.com/type-check set size:6166 disposed:false
974 silly fetch manifest ansi-regex@^5.0.1
975 silly packumentCache full:https://registry.npmmirror.com/ansi-regex cache-miss
976 http fetch GET 200 https://registry.npmmirror.com/prelude-ls 51ms (cache miss)
977 silly packumentCache full:https://registry.npmmirror.com/prelude-ls set size:4654 disposed:false
978 silly packumentCache full:https://registry.npmmirror.com/prelude-ls dispose
979 http fetch GET 200 https://registry.npmmirror.com/type-fest 66ms (cache miss)
980 silly packumentCache full:https://registry.npmmirror.com/type-fest set size:114997 disposed:false
981 http fetch GET 200 https://registry.npmmirror.com/deep-is 36ms (cache miss)
982 silly packumentCache full:https://registry.npmmirror.com/deep-is set size:2733 disposed:false
983 http fetch GET 200 https://registry.npmmirror.com/type-check 35ms (cache miss)
984 silly packumentCache full:https://registry.npmmirror.com/type-check set size:6166 disposed:false
985 silly packumentCache full:https://registry.npmmirror.com/type-check dispose
986 http fetch GET 200 https://registry.npmmirror.com/word-wrap 39ms (cache miss)
987 silly packumentCache full:https://registry.npmmirror.com/word-wrap set size:8190 disposed:false
988 http fetch GET 200 https://registry.npmmirror.com/fast-levenshtein 38ms (cache miss)
989 silly packumentCache full:https://registry.npmmirror.com/fast-levenshtein set size:6868 disposed:false
990 http fetch GET 200 https://registry.npmmirror.com/ansi-regex 40ms (cache miss)
991 silly packumentCache full:https://registry.npmmirror.com/ansi-regex set size:9857 disposed:false
992 silly placeDep ROOT import-fresh@3.3.1 OK for: @eslint/eslintrc@2.1.4 want: ^3.2.1
993 silly placeDep node_modules/@eslint/eslintrc minimatch@3.1.5 OK for: @eslint/eslintrc@2.1.4 want: ^3.1.2
994 silly placeDep ROOT strip-json-comments@3.1.1 OK for: @eslint/eslintrc@2.1.4 want: ^3.1.1
995 silly fetch manifest parent-module@^1.0.0
996 silly packumentCache full:https://registry.npmmirror.com/parent-module cache-miss
997 silly fetch manifest resolve-from@^4.0.0
998 silly packumentCache full:https://registry.npmmirror.com/resolve-from cache-miss
999 http fetch GET 200 https://registry.npmmirror.com/resolve-from 34ms (cache miss)
1000 silly packumentCache full:https://registry.npmmirror.com/resolve-from set size:3131 disposed:false
1001 http fetch GET 200 https://registry.npmmirror.com/parent-module 47ms (cache miss)
1002 silly packumentCache full:https://registry.npmmirror.com/parent-module set size:3916 disposed:false
1003 silly placeDep ROOT @humanwhocodes/object-schema@2.0.3 OK for: @humanwhocodes/config-array@0.13.0 want: ^2.0.3
1004 silly placeDep node_modules/@humanwhocodes/config-array minimatch@3.1.5 OK for: @humanwhocodes/config-array@0.13.0 want: ^3.0.5
1005 silly placeDep ROOT @nodelib/fs.scandir@2.1.5 OK for: @nodelib/fs.walk@1.2.8 want: 2.1.5
1006 silly placeDep ROOT fastq@1.20.1 OK for: @nodelib/fs.walk@1.2.8 want: ^1.6.0
1007 silly fetch manifest @nodelib/fs.stat@2.0.5
1008 silly packumentCache full:https://registry.npmmirror.com/@nodelib%2ffs.stat cache-miss
1009 silly fetch manifest run-parallel@^1.1.9
1010 silly packumentCache full:https://registry.npmmirror.com/run-parallel cache-miss
1011 silly fetch manifest reusify@^1.0.4
1012 silly packumentCache full:https://registry.npmmirror.com/reusify cache-miss
1013 http fetch GET 200 https://registry.npmmirror.com/reusify 38ms (cache miss)
1014 silly packumentCache full:https://registry.npmmirror.com/reusify set size:4443 disposed:false
1015 http fetch GET 200 https://registry.npmmirror.com/@nodelib%2ffs.stat 46ms (cache miss)
1016 silly packumentCache full:https://registry.npmmirror.com/@nodelib%2ffs.stat set size:6493 disposed:false
1017 http fetch GET 200 https://registry.npmmirror.com/run-parallel 48ms (cache miss)
1018 silly packumentCache full:https://registry.npmmirror.com/run-parallel set size:6674 disposed:false
1019 silly placeDep ROOT @nodelib/fs.stat@2.0.5 OK for: @nodelib/fs.scandir@2.1.5 want: 2.0.5
1020 silly placeDep ROOT run-parallel@1.2.0 OK for: @nodelib/fs.scandir@2.1.5 want: ^1.1.9
1021 silly fetch manifest queue-microtask@^1.2.2
1022 silly packumentCache full:https://registry.npmmirror.com/queue-microtask cache-miss
1023 http fetch GET 200 https://registry.npmmirror.com/queue-microtask 40ms (cache miss)
1024 silly packumentCache full:https://registry.npmmirror.com/queue-microtask set size:6139 disposed:false
1025 silly placeDep ROOT fast-json-stable-stringify@2.1.0 OK for: ajv@6.14.0 want: ^2.0.0
1026 silly placeDep ROOT json-schema-traverse@0.4.1 OK for: ajv@6.14.0 want: ^0.4.1
1027 silly placeDep ROOT uri-js@4.4.1 OK for: ajv@6.14.0 want: ^4.2.2
1028 silly fetch manifest punycode@^2.1.0
1029 silly packumentCache full:https://registry.npmmirror.com/punycode cache-miss
1030 http fetch GET 200 https://registry.npmmirror.com/punycode 37ms (cache miss)
1031 silly packumentCache full:https://registry.npmmirror.com/punycode set size:14294 disposed:false
1032 silly placeDep ROOT ansi-styles@4.3.0 OK for: chalk@4.1.2 want: ^4.1.0
1033 silly placeDep ROOT supports-color@7.2.0 OK for: chalk@4.1.2 want: ^7.1.0
1034 silly fetch manifest color-convert@^2.0.1
1035 silly packumentCache full:https://registry.npmmirror.com/color-convert cache-miss
1036 silly fetch manifest has-flag@^4.0.0
1037 silly packumentCache full:https://registry.npmmirror.com/has-flag cache-miss
1038 http fetch GET 200 https://registry.npmmirror.com/color-convert 31ms (cache miss)
1039 silly packumentCache full:https://registry.npmmirror.com/color-convert set size:13807 disposed:false
1040 http fetch GET 200 https://registry.npmmirror.com/has-flag 37ms (cache miss)
1041 silly packumentCache full:https://registry.npmmirror.com/has-flag set size:3321 disposed:false
1042 silly placeDep ROOT color-convert@2.0.1 OK for: ansi-styles@4.3.0 want: ^2.0.1
1043 silly fetch manifest color-name@~1.1.4
1044 silly packumentCache full:https://registry.npmmirror.com/color-name cache-miss
1045 http fetch GET 200 https://registry.npmmirror.com/color-name 39ms (cache miss)
1046 silly packumentCache full:https://registry.npmmirror.com/color-name set size:5269 disposed:false
1047 silly placeDep ROOT color-name@1.1.4 OK for: color-convert@2.0.1 want: ~1.1.4
1048 silly placeDep ROOT path-key@3.1.1 OK for: cross-spawn@7.0.6 want: ^3.1.0
1049 silly placeDep ROOT shebang-command@2.0.0 OK for: cross-spawn@7.0.6 want: ^2.0.0
1050 silly placeDep ROOT which@2.0.2 OK for: cross-spawn@7.0.6 want: ^2.0.1
1051 silly fetch manifest shebang-regex@^3.0.0
1052 silly packumentCache full:https://registry.npmmirror.com/shebang-regex cache-miss
1053 silly fetch manifest isexe@^2.0.0
1054 silly packumentCache full:https://registry.npmmirror.com/isexe cache-miss
1055 http fetch GET 200 https://registry.npmmirror.com/shebang-regex 29ms (cache miss)
1056 silly packumentCache full:https://registry.npmmirror.com/shebang-regex set size:2417 disposed:false
1057 http fetch GET 200 https://registry.npmmirror.com/isexe 37ms (cache miss)
1058 silly packumentCache full:https://registry.npmmirror.com/isexe set size:7230 disposed:false
1059 silly placeDep ROOT esrecurse@4.3.0 OK for: eslint-scope@7.2.2 want: ^4.3.0
1060 silly placeDep ROOT estraverse@5.3.0 OK for: eslint-scope@7.2.2 want: ^5.2.0
1061 silly placeDep ROOT acorn@8.16.0 OK for: espree@9.6.1 want: ^8.9.0
1062 silly placeDep ROOT acorn-jsx@5.3.2 OK for: espree@9.6.1 want: ^5.3.2
1063 silly placeDep ROOT reusify@1.1.0 OK for: fastq@1.20.1 want: ^1.0.4
1064 silly placeDep ROOT flat-cache@3.2.0 OK for: file-entry-cache@6.0.1 want: ^3.0.4
1065 silly fetch manifest flatted@^3.2.9
1066 silly packumentCache full:https://registry.npmmirror.com/flatted cache-miss
1067 silly fetch manifest keyv@^4.5.3
1068 silly packumentCache full:https://registry.npmmirror.com/keyv cache-miss
1069 silly fetch manifest rimraf@^3.0.2
1070 silly packumentCache full:https://registry.npmmirror.com/rimraf cache-miss
1071 http fetch GET 200 https://registry.npmmirror.com/rimraf 37ms (cache miss)
1072 silly packumentCache full:https://registry.npmmirror.com/rimraf set size:44712 disposed:false
1073 http fetch GET 200 https://registry.npmmirror.com/flatted 47ms (cache miss)
1074 silly packumentCache full:https://registry.npmmirror.com/flatted set size:20669 disposed:false
1075 http fetch GET 200 https://registry.npmmirror.com/keyv 50ms (cache miss)
1076 silly packumentCache full:https://registry.npmmirror.com/keyv set size:54839 disposed:false
1077 silly placeDep ROOT locate-path@6.0.0 OK for: find-up@5.0.0 want: ^6.0.0
1078 silly placeDep ROOT path-exists@4.0.0 OK for: find-up@5.0.0 want: ^4.0.0
1079 silly fetch manifest p-locate@^5.0.0
1080 silly packumentCache full:https://registry.npmmirror.com/p-locate cache-miss
1081 http fetch GET 200 https://registry.npmmirror.com/p-locate 37ms (cache miss)
1082 silly packumentCache full:https://registry.npmmirror.com/p-locate set size:4657 disposed:false
1083 silly placeDep ROOT flatted@3.4.2 OK for: flat-cache@3.2.0 want: ^3.2.9
1084 silly placeDep ROOT keyv@4.5.4 OK for: flat-cache@3.2.0 want: ^4.5.3
1085 silly placeDep ROOT rimraf@3.0.2 OK for: flat-cache@3.2.0 want: ^3.0.2
1086 silly fetch manifest json-buffer@3.0.1
1087 silly packumentCache full:https://registry.npmmirror.com/json-buffer cache-miss
1088 silly fetch manifest glob@^7.1.3
1089 silly packumentCache full:https://registry.npmmirror.com/glob cache-miss
1090 http fetch GET 200 https://registry.npmmirror.com/json-buffer 37ms (cache miss)
1091 silly packumentCache full:https://registry.npmmirror.com/json-buffer set size:4318 disposed:false
1092 http fetch GET 200 https://registry.npmmirror.com/glob 42ms (cache miss)
1093 silly packumentCache full:https://registry.npmmirror.com/glob set size:86969 disposed:false
1094 silly placeDep ROOT asynckit@0.4.0 OK for: form-data@4.0.5 want: ^0.4.0
1095 silly placeDep ROOT combined-stream@1.0.8 OK for: form-data@4.0.5 want: ^1.0.8
1096 silly placeDep ROOT es-set-tostringtag@2.1.0 OK for: form-data@4.0.5 want: ^2.1.0
1097 silly placeDep ROOT hasown@2.0.3 OK for: form-data@4.0.5 want: ^2.0.2
1098 silly placeDep ROOT mime-types@2.1.35 OK for: form-data@4.0.5 want: ^2.1.12
1099 silly fetch manifest delayed-stream@~1.0.0
1100 silly packumentCache full:https://registry.npmmirror.com/delayed-stream cache-miss
1101 silly fetch manifest es-errors@^1.3.0
1102 silly packumentCache full:https://registry.npmmirror.com/es-errors cache-miss
1103 silly fetch manifest get-intrinsic@^1.2.6
1104 silly packumentCache full:https://registry.npmmirror.com/get-intrinsic cache-miss
1105 silly fetch manifest has-tostringtag@^1.0.2
1106 silly packumentCache full:https://registry.npmmirror.com/has-tostringtag cache-miss
1107 silly fetch manifest function-bind@^1.1.2
1108 silly packumentCache full:https://registry.npmmirror.com/function-bind cache-miss
1109 silly fetch manifest mime-db@1.52.0
1110 silly packumentCache full:https://registry.npmmirror.com/mime-db cache-miss
1111 http fetch GET 200 https://registry.npmmirror.com/es-errors 48ms (cache miss)
1112 silly packumentCache full:https://registry.npmmirror.com/es-errors set size:4030 disposed:false
1113 http fetch GET 200 https://registry.npmmirror.com/delayed-stream 50ms (cache miss)
1114 silly packumentCache full:https://registry.npmmirror.com/delayed-stream set size:4333 disposed:false
1115 http fetch GET 200 https://registry.npmmirror.com/get-intrinsic 62ms (cache miss)
1116 silly packumentCache full:https://registry.npmmirror.com/get-intrinsic set size:11575 disposed:false
1117 http fetch GET 200 https://registry.npmmirror.com/has-tostringtag 98ms (cache miss)
1118 silly packumentCache full:https://registry.npmmirror.com/has-tostringtag set size:3448 disposed:false
1119 http fetch GET 200 https://registry.npmmirror.com/function-bind 98ms (cache miss)
1120 silly packumentCache full:https://registry.npmmirror.com/function-bind set size:4376 disposed:false
1121 http fetch GET 200 https://registry.npmmirror.com/mime-db 99ms (cache miss)
1122 silly packumentCache full:https://registry.npmmirror.com/mime-db set size:24206 disposed:false
1123 silly placeDep ROOT delayed-stream@1.0.0 OK for: combined-stream@1.0.8 want: ~1.0.0
1124 silly placeDep ROOT es-errors@1.3.0 OK for: es-set-tostringtag@2.1.0 want: ^1.3.0
1125 silly placeDep ROOT get-intrinsic@1.3.0 OK for: es-set-tostringtag@2.1.0 want: ^1.2.6
1126 silly placeDep ROOT has-tostringtag@1.0.2 OK for: es-set-tostringtag@2.1.0 want: ^1.0.2
1127 silly fetch manifest call-bind-apply-helpers@^1.0.2
1128 silly packumentCache full:https://registry.npmmirror.com/call-bind-apply-helpers cache-miss
1129 silly fetch manifest es-define-property@^1.0.1
1130 silly packumentCache full:https://registry.npmmirror.com/es-define-property cache-miss
1131 silly fetch manifest es-object-atoms@^1.1.1
1132 silly packumentCache full:https://registry.npmmirror.com/es-object-atoms cache-miss
1133 silly fetch manifest get-proto@^1.0.1
1134 silly packumentCache full:https://registry.npmmirror.com/get-proto cache-miss
1135 silly fetch manifest gopd@^1.2.0
1136 silly packumentCache full:https://registry.npmmirror.com/gopd cache-miss
1137 silly fetch manifest has-symbols@^1.1.0
1138 silly packumentCache full:https://registry.npmmirror.com/has-symbols cache-miss
1139 silly fetch manifest math-intrinsics@^1.1.0
1140 silly packumentCache full:https://registry.npmmirror.com/math-intrinsics cache-miss
1141 http fetch GET 200 https://registry.npmmirror.com/es-define-property 43ms (cache miss)
1142 silly packumentCache full:https://registry.npmmirror.com/es-define-property set size:2896 disposed:false
1143 silly fetch manifest has-symbols@^1.0.3
1144 silly packumentCache full:https://registry.npmmirror.com/has-symbols cache-miss
1145 http fetch GET 200 https://registry.npmmirror.com/call-bind-apply-helpers 43ms (cache miss)
1146 silly packumentCache full:https://registry.npmmirror.com/call-bind-apply-helpers set size:3532 disposed:false
1147 http fetch GET 200 https://registry.npmmirror.com/es-object-atoms 44ms (cache miss)
1148 silly packumentCache full:https://registry.npmmirror.com/es-object-atoms set size:3862 disposed:false
1149 http fetch GET 200 https://registry.npmmirror.com/get-proto 49ms (cache miss)
1150 silly packumentCache full:https://registry.npmmirror.com/get-proto set size:2799 disposed:false
1151 http fetch GET 200 https://registry.npmmirror.com/math-intrinsics 48ms (cache miss)
1152 silly packumentCache full:https://registry.npmmirror.com/math-intrinsics set size:3012 disposed:false
1153 http fetch GET 200 https://registry.npmmirror.com/has-symbols 50ms (cache miss)
1154 silly packumentCache full:https://registry.npmmirror.com/has-symbols set size:5325 disposed:false
1155 http fetch GET 200 https://registry.npmmirror.com/has-symbols 34ms (cache miss)
1156 silly packumentCache full:https://registry.npmmirror.com/has-symbols set size:5325 disposed:false
1157 silly packumentCache full:https://registry.npmmirror.com/has-symbols dispose
1158 http fetch GET 200 https://registry.npmmirror.com/gopd 108ms (cache miss)
1159 silly packumentCache full:https://registry.npmmirror.com/gopd set size:3962 disposed:false
1160 silly placeDep ROOT call-bind-apply-helpers@1.0.2 OK for: get-intrinsic@1.3.0 want: ^1.0.2
1161 silly placeDep ROOT es-define-property@1.0.1 OK for: get-intrinsic@1.3.0 want: ^1.0.1
1162 silly placeDep ROOT es-object-atoms@1.1.1 OK for: get-intrinsic@1.3.0 want: ^1.1.1
1163 silly placeDep ROOT function-bind@1.1.2 OK for: get-intrinsic@1.3.0 want: ^1.1.2
1164 silly placeDep ROOT get-proto@1.0.1 OK for: get-intrinsic@1.3.0 want: ^1.0.1
1165 silly placeDep ROOT gopd@1.2.0 OK for: get-intrinsic@1.3.0 want: ^1.2.0
1166 silly placeDep ROOT has-symbols@1.1.0 OK for: get-intrinsic@1.3.0 want: ^1.1.0
1167 silly placeDep ROOT math-intrinsics@1.1.0 OK for: get-intrinsic@1.3.0 want: ^1.1.0
1168 silly fetch manifest dunder-proto@^1.0.1
1169 silly packumentCache full:https://registry.npmmirror.com/dunder-proto cache-miss
1170 http fetch GET 200 https://registry.npmmirror.com/dunder-proto 33ms (cache miss)
1171 silly packumentCache full:https://registry.npmmirror.com/dunder-proto set size:2798 disposed:false
1172 silly placeDep ROOT dunder-proto@1.0.1 OK for: get-proto@1.0.1 want: ^1.0.1
1173 silly placeDep ROOT type-fest@0.20.2 OK for: globals@13.24.0 want: ^0.20.2
1174 silly placeDep ROOT array-union@2.1.0 OK for: globby@11.1.0 want: ^2.1.0
1175 silly placeDep ROOT dir-glob@3.0.1 OK for: globby@11.1.0 want: ^3.0.1
1176 silly placeDep ROOT fast-glob@3.3.3 OK for: globby@11.1.0 want: ^3.2.9
1177 silly placeDep ROOT merge2@1.4.1 OK for: globby@11.1.0 want: ^1.4.1
1178 silly placeDep ROOT slash@3.0.0 OK for: globby@11.1.0 want: ^3.0.0
1179 silly fetch manifest path-type@^4.0.0
1180 silly packumentCache full:https://registry.npmmirror.com/path-type cache-miss
1181 silly fetch manifest glob-parent@^5.1.2
1182 silly packumentCache full:https://registry.npmmirror.com/glob-parent cache-hit
1183 silly fetch manifest merge2@^1.3.0
1184 silly packumentCache full:https://registry.npmmirror.com/merge2 cache-hit
1185 http fetch GET 200 https://registry.npmmirror.com/path-type 34ms (cache miss)
1186 silly packumentCache full:https://registry.npmmirror.com/path-type set size:3470 disposed:false
1187 silly placeDep ROOT path-type@4.0.0 OK for: dir-glob@3.0.1 want: ^4.0.0
1188 silly placeDep node_modules/fast-glob glob-parent@5.1.2 OK for: fast-glob@3.3.3 want: ^5.1.2
1189 silly placeDep ROOT micromatch@4.0.8 OK for: fast-glob@3.3.3 want: ^4.0.8
1190 silly fetch manifest braces@^3.0.3
1191 silly packumentCache full:https://registry.npmmirror.com/braces cache-miss
1192 silly fetch manifest picomatch@^2.3.1
1193 silly packumentCache full:https://registry.npmmirror.com/picomatch cache-miss
1194 http fetch GET 200 https://registry.npmmirror.com/braces 40ms (cache miss)
1195 silly packumentCache full:https://registry.npmmirror.com/braces set size:22104 disposed:false
1196 http fetch GET 200 https://registry.npmmirror.com/picomatch 42ms (cache miss)
1197 silly packumentCache full:https://registry.npmmirror.com/picomatch set size:23240 disposed:false
1198 silly placeDep ROOT parent-module@1.0.1 OK for: import-fresh@3.3.1 want: ^1.0.0
1199 silly placeDep ROOT resolve-from@4.0.0 OK for: import-fresh@3.3.1 want: ^4.0.0
1200 silly fetch manifest callsites@^3.0.0
1201 silly packumentCache full:https://registry.npmmirror.com/callsites cache-miss
1202 http fetch GET 200 https://registry.npmmirror.com/callsites 42ms (cache miss)
1203 silly packumentCache full:https://registry.npmmirror.com/callsites set size:4788 disposed:false
1204 silly placeDep ROOT is-extglob@2.1.1 OK for: is-glob@4.0.3 want: ^2.1.1
1205 silly placeDep ROOT argparse@2.0.1 OK for: js-yaml@4.1.1 want: ^2.0.1
1206 silly placeDep ROOT json-buffer@3.0.1 OK for: keyv@4.5.4 want: 3.0.1
1207 silly placeDep ROOT prelude-ls@1.2.1 OK for: levn@0.4.1 want: ^1.2.1
1208 silly placeDep ROOT type-check@0.4.0 OK for: levn@0.4.1 want: ~0.4.0
1209 silly placeDep ROOT p-locate@5.0.0 OK for: locate-path@6.0.0 want: ^5.0.0
1210 silly fetch manifest p-limit@^3.0.2
1211 silly packumentCache full:https://registry.npmmirror.com/p-limit cache-miss
1212 http fetch GET 200 https://registry.npmmirror.com/p-limit 32ms (cache miss)
1213 silly packumentCache full:https://registry.npmmirror.com/p-limit set size:10936 disposed:false
1214 silly placeDep ROOT yallist@3.1.1 OK for: lru-cache@5.1.1 want: ^3.0.2
1215 silly placeDep ROOT braces@3.0.3 OK for: micromatch@4.0.8 want: ^3.0.3
1216 silly placeDep ROOT picomatch@2.3.2 OK for: micromatch@4.0.8 want: ^2.3.1
1217 silly fetch manifest fill-range@^7.1.1
1218 silly packumentCache full:https://registry.npmmirror.com/fill-range cache-miss
1219 http fetch GET 200 https://registry.npmmirror.com/fill-range 40ms (cache miss)
1220 silly packumentCache full:https://registry.npmmirror.com/fill-range set size:14249 disposed:false
1221 silly placeDep ROOT fill-range@7.1.1 OK for: braces@3.0.3 want: ^7.1.1
1222 silly fetch manifest to-regex-range@^5.0.1
1223 silly packumentCache full:https://registry.npmmirror.com/to-regex-range cache-miss
1224 http fetch GET 200 https://registry.npmmirror.com/to-regex-range 52ms (cache miss)
1225 silly packumentCache full:https://registry.npmmirror.com/to-regex-range set size:11477 disposed:false
1226 silly placeDep ROOT to-regex-range@5.0.1 OK for: fill-range@7.1.1 want: ^5.0.1
1227 silly fetch manifest is-number@^7.0.0
1228 silly packumentCache full:https://registry.npmmirror.com/is-number cache-miss
1229 http fetch GET 200 https://registry.npmmirror.com/is-number 36ms (cache miss)
1230 silly packumentCache full:https://registry.npmmirror.com/is-number set size:7889 disposed:false
1231 silly placeDep ROOT mime-db@1.52.0 OK for: mime-types@2.1.35 want: 1.52.0
1232 silly placeDep ROOT brace-expansion@2.1.0 OK for: minimatch@9.0.3 want: ^2.0.1
1233 silly fetch manifest balanced-match@^1.0.0
1234 silly packumentCache full:https://registry.npmmirror.com/balanced-match cache-miss
1235 http fetch GET 200 https://registry.npmmirror.com/balanced-match 45ms (cache miss)
1236 silly packumentCache full:https://registry.npmmirror.com/balanced-match set size:7522 disposed:false
1237 silly placeDep ROOT balanced-match@1.0.2 OK for: brace-expansion@2.1.0 want: ^1.0.0
1238 silly placeDep ROOT deep-is@0.1.4 OK for: optionator@0.9.4 want: ^0.1.3
1239 silly placeDep ROOT fast-levenshtein@2.0.6 OK for: optionator@0.9.4 want: ^2.0.6
1240 silly placeDep ROOT word-wrap@1.2.5 OK for: optionator@0.9.4 want: ^1.2.5
1241 silly placeDep ROOT p-limit@3.1.0 OK for: p-locate@5.0.0 want: ^3.0.2
1242 silly fetch manifest yocto-queue@^0.1.0
1243 silly packumentCache full:https://registry.npmmirror.com/yocto-queue cache-miss
1244 http fetch GET 200 https://registry.npmmirror.com/yocto-queue 39ms (cache miss)
1245 silly packumentCache full:https://registry.npmmirror.com/yocto-queue set size:4829 disposed:false
1246 silly placeDep ROOT yocto-queue@0.1.0 OK for: p-limit@3.1.0 want: ^0.1.0
1247 silly placeDep ROOT callsites@3.1.0 OK for: parent-module@1.0.1 want: ^3.0.0
1248 silly placeDep ROOT nanoid@3.3.11 OK for: postcss@8.5.10 want: ^3.3.11
1249 silly placeDep ROOT source-map-js@1.2.1 OK for: postcss@8.5.10 want: ^1.2.1
1250 silly placeDep ROOT loose-envify@1.4.0 OK for: react@18.3.1 want: ^1.1.0
1251 silly placeDep ROOT scheduler@0.23.2 OK for: react-dom@18.3.1 want: ^0.23.2
1252 silly placeDep ROOT @remix-run/router@1.23.2 OK for: react-router-dom@6.30.3 want: 1.23.2
1253 silly placeDep ROOT react-router@6.30.3 OK for: react-router-dom@6.30.3 want: 6.30.3
1254 silly placeDep ROOT glob@7.2.3 OK for: rimraf@3.0.2 want: ^7.1.3
1255 silly fetch manifest fs.realpath@^1.0.0
1256 silly packumentCache full:https://registry.npmmirror.com/fs.realpath cache-miss
1257 silly fetch manifest inflight@^1.0.4
1258 silly packumentCache full:https://registry.npmmirror.com/inflight cache-miss
1259 silly fetch manifest inherits@2
1260 silly packumentCache full:https://registry.npmmirror.com/inherits cache-miss
1261 silly fetch manifest minimatch@^3.1.1
1262 silly packumentCache full:https://registry.npmmirror.com/minimatch cache-hit
1263 silly fetch manifest once@^1.3.0
1264 silly packumentCache full:https://registry.npmmirror.com/once cache-miss
1265 silly fetch manifest path-is-absolute@^1.0.0
1266 silly packumentCache full:https://registry.npmmirror.com/path-is-absolute cache-miss
1267 http fetch GET 200 https://registry.npmmirror.com/inflight 32ms (cache miss)
1268 silly packumentCache full:https://registry.npmmirror.com/inflight set size:3168 disposed:false
1269 http fetch GET 200 https://registry.npmmirror.com/once 33ms (cache miss)
1270 silly packumentCache full:https://registry.npmmirror.com/once set size:3210 disposed:false
1271 http fetch GET 200 https://registry.npmmirror.com/path-is-absolute 34ms (cache miss)
1272 silly packumentCache full:https://registry.npmmirror.com/path-is-absolute set size:2115 disposed:false
1273 http fetch GET 200 https://registry.npmmirror.com/inherits 46ms (cache miss)
1274 silly packumentCache full:https://registry.npmmirror.com/inherits set size:3419 disposed:false
1275 http fetch GET 200 https://registry.npmmirror.com/fs.realpath 48ms (cache miss)
1276 silly packumentCache full:https://registry.npmmirror.com/fs.realpath set size:1727 disposed:false
1277 silly placeDep ROOT fs.realpath@1.0.0 OK for: glob@7.2.3 want: ^1.0.0
1278 silly placeDep ROOT inflight@1.0.6 OK for: glob@7.2.3 want: ^1.0.4
1279 silly placeDep ROOT inherits@2.0.4 OK for: glob@7.2.3 want: 2
1280 silly placeDep node_modules/glob minimatch@3.1.5 OK for: glob@7.2.3 want: ^3.1.1
1281 silly placeDep ROOT once@1.4.0 OK for: glob@7.2.3 want: ^1.3.0
1282 silly placeDep ROOT path-is-absolute@1.0.1 OK for: glob@7.2.3 want: ^1.0.0
1283 silly fetch manifest wrappy@1
1284 silly packumentCache full:https://registry.npmmirror.com/wrappy cache-miss
1285 silly fetch manifest wrappy@1
1286 silly packumentCache full:https://registry.npmmirror.com/wrappy cache-miss
1287 http fetch GET 200 https://registry.npmmirror.com/wrappy 35ms (cache miss)
1288 silly packumentCache full:https://registry.npmmirror.com/wrappy set size:2201 disposed:false
1289 http fetch GET 200 https://registry.npmmirror.com/wrappy 36ms (cache miss)
1290 silly packumentCache full:https://registry.npmmirror.com/wrappy set size:2201 disposed:false
1291 silly packumentCache full:https://registry.npmmirror.com/wrappy dispose
1292 silly placeDep ROOT wrappy@1.0.2 OK for: inflight@1.0.6 want: 1
1293 silly placeDep ROOT queue-microtask@1.2.3 OK for: run-parallel@1.2.0 want: ^1.2.2
1294 silly placeDep ROOT shebang-regex@3.0.0 OK for: shebang-command@2.0.0 want: ^3.0.0
1295 silly placeDep ROOT ansi-regex@5.0.1 OK for: strip-ansi@6.0.1 want: ^5.0.1
1296 silly placeDep ROOT has-flag@4.0.0 OK for: supports-color@7.2.0 want: ^4.0.0
1297 silly placeDep ROOT @alloc/quick-lru@5.2.0 OK for: tailwindcss@3.4.19 want: ^5.2.0
1298 silly placeDep ROOT arg@5.0.2 OK for: tailwindcss@3.4.19 want: ^5.0.2
1299 silly placeDep ROOT chokidar@3.6.0 OK for: tailwindcss@3.4.19 want: ^3.6.0
1300 silly placeDep ROOT didyoumean@1.2.2 OK for: tailwindcss@3.4.19 want: ^1.2.2
1301 silly placeDep ROOT dlv@1.1.3 OK for: tailwindcss@3.4.19 want: ^1.1.3
1302 silly placeDep ROOT jiti@1.21.7 OK for: tailwindcss@3.4.19 want: ^1.21.7
1303 silly placeDep ROOT lilconfig@3.1.3 OK for: tailwindcss@3.4.19 want: ^3.1.3
1304 silly placeDep ROOT normalize-path@3.0.0 OK for: tailwindcss@3.4.19 want: ^3.0.0
1305 silly placeDep ROOT object-hash@3.0.0 OK for: tailwindcss@3.4.19 want: ^3.0.0
1306 silly placeDep ROOT postcss-import@15.1.0 OK for: tailwindcss@3.4.19 want: ^15.1.0
1307 silly placeDep ROOT postcss-js@4.1.0 OK for: tailwindcss@3.4.19 want: ^4.0.1
1308 silly placeDep ROOT postcss-load-config@6.0.1 OK for: tailwindcss@3.4.19 want: ^4.0.2 || ^5.0 || ^6.0
1309 silly placeDep ROOT postcss-nested@6.2.0 OK for: tailwindcss@3.4.19 want: ^6.2.0
1310 silly placeDep ROOT postcss-selector-parser@6.1.2 OK for: tailwindcss@3.4.19 want: ^6.1.2
1311 silly placeDep ROOT resolve@1.22.12 OK for: tailwindcss@3.4.19 want: ^1.22.8
1312 silly placeDep ROOT sucrase@3.35.1 OK for: tailwindcss@3.4.19 want: ^3.35.0
1313 silly fetch manifest anymatch@~3.1.2
1314 silly packumentCache full:https://registry.npmmirror.com/anymatch cache-miss
1315 silly fetch manifest glob-parent@~5.1.2
1316 silly packumentCache full:https://registry.npmmirror.com/glob-parent cache-hit
1317 silly fetch manifest is-binary-path@~2.1.0
1318 silly packumentCache full:https://registry.npmmirror.com/is-binary-path cache-miss
1319 silly fetch manifest normalize-path@~3.0.0
1320 silly packumentCache full:https://registry.npmmirror.com/normalize-path cache-hit
1321 silly fetch manifest readdirp@~3.6.0
1322 silly packumentCache full:https://registry.npmmirror.com/readdirp cache-miss
1323 silly fetch manifest fsevents@~2.3.2
1324 silly packumentCache full:https://registry.npmmirror.com/fsevents cache-hit
1325 silly fetch manifest read-cache@^1.0.0
1326 silly packumentCache full:https://registry.npmmirror.com/read-cache cache-miss
1327 silly fetch manifest resolve@^1.1.7
1328 silly packumentCache full:https://registry.npmmirror.com/resolve cache-hit
1329 silly fetch manifest camelcase-css@^2.0.1
1330 silly packumentCache full:https://registry.npmmirror.com/camelcase-css cache-miss
1331 silly fetch manifest postcss-selector-parser@^6.1.1
1332 silly packumentCache full:https://registry.npmmirror.com/postcss-selector-parser cache-hit
1333 silly fetch manifest cssesc@^3.0.0
1334 silly packumentCache full:https://registry.npmmirror.com/cssesc cache-miss
1335 silly fetch manifest util-deprecate@^1.0.2
1336 silly packumentCache full:https://registry.npmmirror.com/util-deprecate cache-miss
1337 http fetch GET 200 https://registry.npmmirror.com/anymatch 34ms (cache miss)
1338 silly packumentCache full:https://registry.npmmirror.com/anymatch set size:8660 disposed:false
1339 silly fetch manifest is-core-module@^2.16.1
1340 silly packumentCache full:https://registry.npmmirror.com/is-core-module cache-miss
1341 http fetch GET 200 https://registry.npmmirror.com/is-binary-path 41ms (cache miss)
1342 silly packumentCache full:https://registry.npmmirror.com/is-binary-path set size:3065 disposed:false
1343 silly fetch manifest path-parse@^1.0.7
1344 silly packumentCache full:https://registry.npmmirror.com/path-parse cache-miss
1345 http fetch GET 200 https://registry.npmmirror.com/util-deprecate 39ms (cache miss)
1346 silly packumentCache full:https://registry.npmmirror.com/util-deprecate set size:2289 disposed:false
1347 silly fetch manifest supports-preserve-symlinks-flag@^1.0.0
1348 silly packumentCache full:https://registry.npmmirror.com/supports-preserve-symlinks-flag cache-miss
1349 http fetch GET 200 https://registry.npmmirror.com/read-cache 42ms (cache miss)
1350 silly packumentCache full:https://registry.npmmirror.com/read-cache set size:1273 disposed:false
1351 silly fetch manifest commander@^4.0.0
1352 silly packumentCache full:https://registry.npmmirror.com/commander cache-miss
1353 http fetch GET 200 https://registry.npmmirror.com/readdirp 43ms (cache miss)
1354 silly packumentCache full:https://registry.npmmirror.com/readdirp set size:18552 disposed:false
1355 silly fetch manifest lines-and-columns@^1.1.6
1356 silly packumentCache full:https://registry.npmmirror.com/lines-and-columns cache-miss
1357 http fetch GET 200 https://registry.npmmirror.com/is-core-module 35ms (cache miss)
1358 silly packumentCache full:https://registry.npmmirror.com/is-core-module set size:14031 disposed:false
1359 silly fetch manifest mz@^2.7.0
1360 silly packumentCache full:https://registry.npmmirror.com/mz cache-miss
1361 http fetch GET 200 https://registry.npmmirror.com/path-parse 33ms (cache miss)
1362 silly packumentCache full:https://registry.npmmirror.com/path-parse set size:2940 disposed:false
1363 silly fetch manifest pirates@^4.0.1
1364 silly packumentCache full:https://registry.npmmirror.com/pirates cache-miss
1365 http fetch GET 200 https://registry.npmmirror.com/lines-and-columns 35ms (cache miss)
1366 silly packumentCache full:https://registry.npmmirror.com/lines-and-columns set size:17877 disposed:false
1367 silly fetch manifest tinyglobby@^0.2.11
1368 silly packumentCache full:https://registry.npmmirror.com/tinyglobby cache-miss
1369 http fetch GET 200 https://registry.npmmirror.com/supports-preserve-symlinks-flag 41ms (cache miss)
1370 silly packumentCache full:https://registry.npmmirror.com/supports-preserve-symlinks-flag set size:2816 disposed:false
1371 silly fetch manifest ts-interface-checker@^0.1.9
1372 silly packumentCache full:https://registry.npmmirror.com/ts-interface-checker cache-miss
1373 http fetch GET 200 https://registry.npmmirror.com/commander 43ms (cache miss)
1374 silly packumentCache full:https://registry.npmmirror.com/commander set size:62204 disposed:false
1375 http fetch GET 200 https://registry.npmmirror.com/mz 36ms (cache miss)
1376 silly packumentCache full:https://registry.npmmirror.com/mz set size:7894 disposed:false
1377 http fetch GET 200 https://registry.npmmirror.com/camelcase-css 113ms (cache miss)
1378 silly packumentCache full:https://registry.npmmirror.com/camelcase-css set size:2461 disposed:false
1379 http fetch GET 200 https://registry.npmmirror.com/tinyglobby 34ms (cache miss)
1380 silly packumentCache full:https://registry.npmmirror.com/tinyglobby set size:10388 disposed:false
1381 http fetch GET 200 https://registry.npmmirror.com/cssesc 114ms (cache miss)
1382 silly packumentCache full:https://registry.npmmirror.com/cssesc set size:5105 disposed:false
1383 http fetch GET 200 https://registry.npmmirror.com/pirates 41ms (cache miss)
1384 silly packumentCache full:https://registry.npmmirror.com/pirates set size:12543 disposed:false
1385 http fetch GET 200 https://registry.npmmirror.com/ts-interface-checker 90ms (cache miss)
1386 silly packumentCache full:https://registry.npmmirror.com/ts-interface-checker set size:8429 disposed:false
1387 silly placeDep ROOT anymatch@3.1.3 OK for: chokidar@3.6.0 want: ~3.1.2
1388 silly placeDep ROOT fsevents@2.3.3 OK for: chokidar@3.6.0 want: ~2.3.2
1389 silly placeDep node_modules/chokidar glob-parent@5.1.2 OK for: chokidar@3.6.0 want: ~5.1.2
1390 silly placeDep ROOT is-binary-path@2.1.0 OK for: chokidar@3.6.0 want: ~2.1.0
1391 silly placeDep ROOT readdirp@3.6.0 OK for: chokidar@3.6.0 want: ~3.6.0
1392 silly fetch manifest binary-extensions@^2.0.0
1393 silly packumentCache full:https://registry.npmmirror.com/binary-extensions cache-miss
1394 http fetch GET 200 https://registry.npmmirror.com/binary-extensions 45ms (cache miss)
1395 silly packumentCache full:https://registry.npmmirror.com/binary-extensions set size:8627 disposed:false
1396 silly placeDep ROOT binary-extensions@2.3.0 OK for: is-binary-path@2.1.0 want: ^2.0.0
1397 silly placeDep ROOT read-cache@1.0.0 OK for: postcss-import@15.1.0 want: ^1.0.0
1398 silly fetch manifest pify@^2.3.0
1399 silly packumentCache full:https://registry.npmmirror.com/pify cache-miss
1400 http fetch GET 200 https://registry.npmmirror.com/pify 35ms (cache miss)
1401 silly packumentCache full:https://registry.npmmirror.com/pify set size:8568 disposed:false
1402 silly placeDep ROOT camelcase-css@2.0.1 OK for: postcss-js@4.1.0 want: ^2.0.1
1403 silly placeDep ROOT cssesc@3.0.0 OK for: postcss-selector-parser@6.1.2 want: ^3.0.0
1404 silly placeDep ROOT util-deprecate@1.0.2 OK for: postcss-selector-parser@6.1.2 want: ^1.0.2
1405 silly placeDep ROOT pify@2.3.0 OK for: read-cache@1.0.0 want: ^2.3.0
1406 silly placeDep ROOT is-core-module@2.16.1 OK for: resolve@1.22.12 want: ^2.16.1
1407 silly placeDep ROOT path-parse@1.0.7 OK for: resolve@1.22.12 want: ^1.0.7
1408 silly placeDep ROOT supports-preserve-symlinks-flag@1.0.0 OK for: resolve@1.22.12 want: ^1.0.0
1409 silly placeDep ROOT commander@4.1.1 OK for: sucrase@3.35.1 want: ^4.0.0
1410 silly placeDep ROOT lines-and-columns@1.2.4 OK for: sucrase@3.35.1 want: ^1.1.6
1411 silly placeDep ROOT mz@2.7.0 OK for: sucrase@3.35.1 want: ^2.7.0
1412 silly placeDep ROOT pirates@4.0.7 OK for: sucrase@3.35.1 want: ^4.0.1
1413 silly placeDep ROOT tinyglobby@0.2.16 OK for: sucrase@3.35.1 want: ^0.2.11
1414 silly placeDep ROOT ts-interface-checker@0.1.13 OK for: sucrase@3.35.1 want: ^0.1.9
1415 silly fetch manifest any-promise@^1.0.0
1416 silly packumentCache full:https://registry.npmmirror.com/any-promise cache-miss
1417 silly fetch manifest object-assign@^4.0.1
1418 silly packumentCache full:https://registry.npmmirror.com/object-assign cache-miss
1419 silly fetch manifest thenify-all@^1.0.0
1420 silly packumentCache full:https://registry.npmmirror.com/thenify-all cache-miss
1421 silly fetch manifest fdir@^6.5.0
1422 silly packumentCache full:https://registry.npmmirror.com/fdir cache-miss
1423 silly fetch manifest picomatch@^4.0.4
1424 silly packumentCache full:https://registry.npmmirror.com/picomatch cache-hit
1425 http fetch GET 200 https://registry.npmmirror.com/object-assign 39ms (cache miss)
1426 silly packumentCache full:https://registry.npmmirror.com/object-assign set size:5509 disposed:false
1427 http fetch GET 200 https://registry.npmmirror.com/any-promise 42ms (cache miss)
1428 silly packumentCache full:https://registry.npmmirror.com/any-promise set size:5727 disposed:false
1429 http fetch GET 200 https://registry.npmmirror.com/fdir 42ms (cache miss)
1430 silly packumentCache full:https://registry.npmmirror.com/fdir set size:21942 disposed:false
1431 http fetch GET 200 https://registry.npmmirror.com/thenify-all 44ms (cache miss)
1432 silly packumentCache full:https://registry.npmmirror.com/thenify-all set size:3730 disposed:false
1433 silly placeDep ROOT any-promise@1.3.0 OK for: mz@2.7.0 want: ^1.0.0
1434 silly placeDep ROOT object-assign@4.1.1 OK for: mz@2.7.0 want: ^4.0.1
1435 silly placeDep ROOT thenify-all@1.6.0 OK for: mz@2.7.0 want: ^1.0.0
1436 silly fetch manifest thenify@>= 3.1.0 < 4
1437 silly packumentCache full:https://registry.npmmirror.com/thenify cache-miss
1438 http fetch GET 200 https://registry.npmmirror.com/thenify 34ms (cache miss)
1439 silly packumentCache full:https://registry.npmmirror.com/thenify set size:4663 disposed:false
1440 silly placeDep ROOT thenify@3.3.1 OK for: thenify-all@1.6.0 want: >= 3.1.0 < 4
1441 silly placeDep ROOT fdir@6.5.0 OK for: tinyglobby@0.2.16 want: ^6.5.0
1442 silly placeDep node_modules/tinyglobby picomatch@4.0.4 OK for: tinyglobby@0.2.16 want: ^4.0.4
1443 silly placeDep ROOT is-number@7.0.0 OK for: to-regex-range@5.0.1 want: ^7.0.0
1444 silly placeDep ROOT escalade@3.2.0 OK for: update-browserslist-db@1.2.3 want: ^3.2.0
1445 silly placeDep ROOT punycode@2.3.1 OK for: uri-js@4.4.1 want: ^2.1.0
1446 silly placeDep ROOT esbuild@0.21.5 OK for: vite@5.4.21 want: ^0.21.3
1447 silly placeDep ROOT rollup@4.60.2 OK for: vite@5.4.21 want: ^4.20.0
1448 silly fetch manifest @esbuild/aix-ppc64@0.21.5
1449 silly packumentCache full:https://registry.npmmirror.com/@esbuild%2faix-ppc64 cache-miss
1450 silly fetch manifest @esbuild/android-arm@0.21.5
1451 silly packumentCache full:https://registry.npmmirror.com/@esbuild%2fandroid-arm cache-miss
1452 silly fetch manifest @esbuild/android-arm64@0.21.5
1453 silly packumentCache full:https://registry.npmmirror.com/@esbuild%2fandroid-arm64 cache-miss
1454 silly fetch manifest @esbuild/android-x64@0.21.5
1455 silly packumentCache full:https://registry.npmmirror.com/@esbuild%2fandroid-x64 cache-miss
1456 silly fetch manifest @esbuild/darwin-arm64@0.21.5
1457 silly packumentCache full:https://registry.npmmirror.com/@esbuild%2fdarwin-arm64 cache-miss
1458 silly fetch manifest @esbuild/darwin-x64@0.21.5
1459 silly packumentCache full:https://registry.npmmirror.com/@esbuild%2fdarwin-x64 cache-miss
1460 silly fetch manifest @esbuild/freebsd-arm64@0.21.5
1461 silly packumentCache full:https://registry.npmmirror.com/@esbuild%2ffreebsd-arm64 cache-miss
1462 http fetch GET 200 https://registry.npmmirror.com/@esbuild%2faix-ppc64 65ms (cache miss)
1463 silly packumentCache full:https://registry.npmmirror.com/@esbuild%2faix-ppc64 set size:15436 disposed:false
1464 silly fetch manifest @esbuild/freebsd-x64@0.21.5
1465 silly packumentCache full:https://registry.npmmirror.com/@esbuild%2ffreebsd-x64 cache-miss
1466 http fetch GET 200 https://registry.npmmirror.com/@esbuild%2fandroid-arm 83ms (cache miss)
1467 silly packumentCache full:https://registry.npmmirror.com/@esbuild%2fandroid-arm set size:70088 disposed:false
1468 silly fetch manifest @esbuild/linux-arm@0.21.5
1469 silly packumentCache full:https://registry.npmmirror.com/@esbuild%2flinux-arm cache-miss
1470 http fetch GET 200 https://registry.npmmirror.com/@esbuild%2fandroid-arm64 87ms (cache miss)
1471 silly packumentCache full:https://registry.npmmirror.com/@esbuild%2fandroid-arm64 set size:60626 disposed:false
1472 silly fetch manifest @esbuild/linux-arm64@0.21.5
1473 silly packumentCache full:https://registry.npmmirror.com/@esbuild%2flinux-arm64 cache-miss
1474 http fetch GET 200 https://registry.npmmirror.com/@esbuild%2fdarwin-arm64 90ms (cache miss)
1475 silly packumentCache full:https://registry.npmmirror.com/@esbuild%2fdarwin-arm64 set size:60199 disposed:false
1476 silly fetch manifest @esbuild/linux-ia32@0.21.5
1477 silly packumentCache full:https://registry.npmmirror.com/@esbuild%2flinux-ia32 cache-miss
1478 http fetch GET 200 https://registry.npmmirror.com/@esbuild%2ffreebsd-arm64 96ms (cache miss)
1479 silly packumentCache full:https://registry.npmmirror.com/@esbuild%2ffreebsd-arm64 set size:59761 disposed:false
1480 silly fetch manifest @esbuild/linux-loong64@0.21.5
1481 silly packumentCache full:https://registry.npmmirror.com/@esbuild%2flinux-loong64 cache-miss
1482 http fetch GET 200 https://registry.npmmirror.com/@esbuild%2fandroid-x64 124ms (cache miss)
1483 silly packumentCache full:https://registry.npmmirror.com/@esbuild%2fandroid-x64 set size:59942 disposed:false
1484 silly fetch manifest @esbuild/linux-mips64el@0.21.5
1485 silly packumentCache full:https://registry.npmmirror.com/@esbuild%2flinux-mips64el cache-miss
1486 http fetch GET 200 https://registry.npmmirror.com/@esbuild%2fdarwin-x64 144ms (cache miss)
1487 silly packumentCache full:https://registry.npmmirror.com/@esbuild%2fdarwin-x64 set size:59848 disposed:false
1488 silly fetch manifest @esbuild/linux-ppc64@0.21.5
1489 silly packumentCache full:https://registry.npmmirror.com/@esbuild%2flinux-ppc64 cache-miss
1490 http fetch GET 200 https://registry.npmmirror.com/@esbuild%2ffreebsd-x64 99ms (cache miss)
1491 silly packumentCache full:https://registry.npmmirror.com/@esbuild%2ffreebsd-x64 set size:60079 disposed:false
1492 silly fetch manifest @esbuild/linux-riscv64@0.21.5
1493 silly packumentCache full:https://registry.npmmirror.com/@esbuild%2flinux-riscv64 cache-miss
1494 http fetch GET 200 https://registry.npmmirror.com/@esbuild%2flinux-arm 97ms (cache miss)
1495 silly packumentCache full:https://registry.npmmirror.com/@esbuild%2flinux-arm set size:59341 disposed:false
1496 silly fetch manifest @esbuild/linux-s390x@0.21.5
1497 silly packumentCache full:https://registry.npmmirror.com/@esbuild%2flinux-s390x cache-miss
1498 http fetch GET 200 https://registry.npmmirror.com/@esbuild%2flinux-arm64 98ms (cache miss)
1499 silly packumentCache full:https://registry.npmmirror.com/@esbuild%2flinux-arm64 set size:59820 disposed:false
1500 silly fetch manifest @esbuild/linux-x64@0.21.5
1501 silly packumentCache full:https://registry.npmmirror.com/@esbuild%2flinux-x64 cache-miss
1502 http fetch GET 200 https://registry.npmmirror.com/@esbuild%2flinux-ia32 102ms (cache miss)
1503 silly packumentCache full:https://registry.npmmirror.com/@esbuild%2flinux-ia32 set size:60049 disposed:false
1504 silly fetch manifest @esbuild/netbsd-x64@0.21.5
1505 silly packumentCache full:https://registry.npmmirror.com/@esbuild%2fnetbsd-x64 cache-miss
1506 http fetch GET 200 https://registry.npmmirror.com/@esbuild%2flinux-loong64 110ms (cache miss)
1507 silly packumentCache full:https://registry.npmmirror.com/@esbuild%2flinux-loong64 set size:79436 disposed:false
1508 silly fetch manifest @esbuild/openbsd-x64@0.21.5
1509 silly packumentCache full:https://registry.npmmirror.com/@esbuild%2fopenbsd-x64 cache-miss
1510 http fetch GET 200 https://registry.npmmirror.com/@esbuild%2flinux-mips64el 102ms (cache miss)
1511 silly packumentCache full:https://registry.npmmirror.com/@esbuild%2flinux-mips64el set size:60066 disposed:false
1512 silly fetch manifest @esbuild/sunos-x64@0.21.5
1513 silly packumentCache full:https://registry.npmmirror.com/@esbuild%2fsunos-x64 cache-miss
1514 http fetch GET 200 https://registry.npmmirror.com/@esbuild%2flinux-riscv64 96ms (cache miss)
1515 silly packumentCache full:https://registry.npmmirror.com/@esbuild%2flinux-riscv64 set size:60122 disposed:false
1516 silly fetch manifest @esbuild/win32-arm64@0.21.5
1517 silly packumentCache full:https://registry.npmmirror.com/@esbuild%2fwin32-arm64 cache-miss
1518 http fetch GET 200 https://registry.npmmirror.com/@esbuild%2flinux-ppc64 132ms (cache miss)
1519 silly packumentCache full:https://registry.npmmirror.com/@esbuild%2flinux-ppc64 set size:59770 disposed:false
1520 silly fetch manifest @esbuild/win32-ia32@0.21.5
1521 silly packumentCache full:https://registry.npmmirror.com/@esbuild%2fwin32-ia32 cache-miss
1522 http fetch GET 200 https://registry.npmmirror.com/@esbuild%2flinux-x64 97ms (cache miss)
1523 silly packumentCache full:https://registry.npmmirror.com/@esbuild%2flinux-x64 set size:59790 disposed:false
1524 silly fetch manifest @esbuild/win32-x64@0.21.5
1525 silly packumentCache full:https://registry.npmmirror.com/@esbuild%2fwin32-x64 cache-miss
1526 http fetch GET 200 https://registry.npmmirror.com/@esbuild%2flinux-s390x 105ms (cache miss)
1527 silly packumentCache full:https://registry.npmmirror.com/@esbuild%2flinux-s390x set size:60000 disposed:false
1528 silly fetch manifest @types/estree@1.0.8
1529 silly packumentCache full:https://registry.npmmirror.com/@types%2festree cache-miss
1530 http fetch GET 200 https://registry.npmmirror.com/@esbuild%2fnetbsd-x64 97ms (cache miss)
1531 silly packumentCache full:https://registry.npmmirror.com/@esbuild%2fnetbsd-x64 set size:59931 disposed:false
1532 silly fetch manifest @rollup/rollup-darwin-arm64@4.60.2
1533 silly packumentCache full:https://registry.npmmirror.com/@rollup%2frollup-darwin-arm64 cache-miss
1534 http fetch GET 200 https://registry.npmmirror.com/@esbuild%2fopenbsd-x64 97ms (cache miss)
1535 silly packumentCache full:https://registry.npmmirror.com/@esbuild%2fopenbsd-x64 set size:59989 disposed:false
1536 silly fetch manifest @rollup/rollup-android-arm64@4.60.2
1537 silly packumentCache full:https://registry.npmmirror.com/@rollup%2frollup-android-arm64 cache-miss
1538 http fetch GET 200 https://registry.npmmirror.com/@esbuild%2fsunos-x64 96ms (cache miss)
1539 silly packumentCache full:https://registry.npmmirror.com/@esbuild%2fsunos-x64 set size:59992 disposed:false
1540 silly fetch manifest @rollup/rollup-win32-arm64-msvc@4.60.2
1541 silly packumentCache full:https://registry.npmmirror.com/@rollup%2frollup-win32-arm64-msvc cache-miss
1542 http fetch GET 200 https://registry.npmmirror.com/@types%2festree 49ms (cache miss)
1543 silly packumentCache full:https://registry.npmmirror.com/@types%2festree set size:16110 disposed:false
1544 silly fetch manifest @rollup/rollup-freebsd-arm64@4.60.2
1545 silly packumentCache full:https://registry.npmmirror.com/@rollup%2frollup-freebsd-arm64 cache-miss
1546 http fetch GET 200 https://registry.npmmirror.com/@esbuild%2fwin32-arm64 81ms (cache miss)
1547 silly packumentCache full:https://registry.npmmirror.com/@esbuild%2fwin32-arm64 set size:59988 disposed:false
1548 silly fetch manifest @rollup/rollup-linux-arm64-gnu@4.60.2
1549 silly packumentCache full:https://registry.npmmirror.com/@rollup%2frollup-linux-arm64-gnu cache-miss
1550 http fetch GET 200 https://registry.npmmirror.com/@esbuild%2fwin32-ia32 80ms (cache miss)
1551 silly packumentCache full:https://registry.npmmirror.com/@esbuild%2fwin32-ia32 set size:60484 disposed:false
1552 silly fetch manifest @rollup/rollup-linux-arm64-musl@4.60.2
1553 silly packumentCache full:https://registry.npmmirror.com/@rollup%2frollup-linux-arm64-musl cache-miss
1554 http fetch GET 200 https://registry.npmmirror.com/@esbuild%2fwin32-x64 76ms (cache miss)
1555 silly packumentCache full:https://registry.npmmirror.com/@esbuild%2fwin32-x64 set size:59897 disposed:false
1556 silly fetch manifest @rollup/rollup-android-arm-eabi@4.60.2
1557 silly packumentCache full:https://registry.npmmirror.com/@rollup%2frollup-android-arm-eabi cache-miss
1558 http fetch GET 200 https://registry.npmmirror.com/@rollup%2frollup-freebsd-arm64 36ms (cache miss)
1559 silly packumentCache full:https://registry.npmmirror.com/@rollup%2frollup-freebsd-arm64 set size:38116 disposed:false
1560 silly fetch manifest @rollup/rollup-linux-arm-gnueabihf@4.60.2
1561 silly packumentCache full:https://registry.npmmirror.com/@rollup%2frollup-linux-arm-gnueabihf cache-miss
1562 http fetch GET 200 https://registry.npmmirror.com/@rollup%2frollup-linux-arm64-gnu 72ms (cache miss)
1563 silly packumentCache full:https://registry.npmmirror.com/@rollup%2frollup-linux-arm64-gnu set size:69029 disposed:false
1564 silly fetch manifest @rollup/rollup-linux-arm-musleabihf@4.60.2
1565 silly packumentCache full:https://registry.npmmirror.com/@rollup%2frollup-linux-arm-musleabihf cache-miss
1566 http fetch GET 200 https://registry.npmmirror.com/@rollup%2frollup-win32-arm64-msvc 98ms (cache miss)
1567 silly packumentCache full:https://registry.npmmirror.com/@rollup%2frollup-win32-arm64-msvc set size:69358 disposed:false
1568 silly fetch manifest @rollup/rollup-win32-ia32-msvc@4.60.2
1569 silly packumentCache full:https://registry.npmmirror.com/@rollup%2frollup-win32-ia32-msvc cache-miss
1570 http fetch GET 200 https://registry.npmmirror.com/@rollup%2frollup-android-arm-eabi 110ms (cache miss)
1571 silly packumentCache full:https://registry.npmmirror.com/@rollup%2frollup-android-arm-eabi set size:69078 disposed:false
1572 silly fetch manifest @rollup/rollup-linux-loong64-gnu@4.60.2
1573 silly packumentCache full:https://registry.npmmirror.com/@rollup%2frollup-linux-loong64-gnu cache-miss
1574 http fetch GET 200 https://registry.npmmirror.com/@rollup%2frollup-darwin-arm64 182ms (cache miss)
1575 silly packumentCache full:https://registry.npmmirror.com/@rollup%2frollup-darwin-arm64 set size:68882 disposed:false
1576 silly fetch manifest @rollup/rollup-linux-loong64-musl@4.60.2
1577 silly packumentCache full:https://registry.npmmirror.com/@rollup%2frollup-linux-loong64-musl cache-miss
1578 http fetch GET 200 https://registry.npmmirror.com/@rollup%2frollup-linux-arm-gnueabihf 101ms (cache miss)
1579 silly packumentCache full:https://registry.npmmirror.com/@rollup%2frollup-linux-arm-gnueabihf set size:69582 disposed:false
1580 silly fetch manifest @rollup/rollup-linux-riscv64-gnu@4.60.2
1581 silly packumentCache full:https://registry.npmmirror.com/@rollup%2frollup-linux-riscv64-gnu cache-miss
1582 http fetch GET 200 https://registry.npmmirror.com/@rollup%2frollup-linux-arm-musleabihf 69ms (cache miss)
1583 silly packumentCache full:https://registry.npmmirror.com/@rollup%2frollup-linux-arm-musleabihf set size:48602 disposed:false
1584 silly fetch manifest @rollup/rollup-linux-riscv64-musl@4.60.2
1585 silly packumentCache full:https://registry.npmmirror.com/@rollup%2frollup-linux-riscv64-musl cache-miss
1586 http fetch GET 200 https://registry.npmmirror.com/@rollup%2frollup-android-arm64 190ms (cache miss)
1587 silly packumentCache full:https://registry.npmmirror.com/@rollup%2frollup-android-arm64 set size:69157 disposed:false
1588 silly fetch manifest @rollup/rollup-linux-ppc64-gnu@4.60.2
1589 silly packumentCache full:https://registry.npmmirror.com/@rollup%2frollup-linux-ppc64-gnu cache-miss
1590 http fetch GET 200 https://registry.npmmirror.com/@rollup%2frollup-linux-arm64-musl 141ms (cache miss)
1591 silly packumentCache full:https://registry.npmmirror.com/@rollup%2frollup-linux-arm64-musl set size:60228 disposed:false
1592 silly fetch manifest @rollup/rollup-linux-ppc64-musl@4.60.2
1593 silly packumentCache full:https://registry.npmmirror.com/@rollup%2frollup-linux-ppc64-musl cache-miss
1594 http fetch GET 200 https://registry.npmmirror.com/@rollup%2frollup-linux-loong64-musl 40ms (cache miss)
1595 silly packumentCache full:https://registry.npmmirror.com/@rollup%2frollup-linux-loong64-musl set size:5795 disposed:false
1596 silly fetch manifest @rollup/rollup-linux-s390x-gnu@4.60.2
1597 silly packumentCache full:https://registry.npmmirror.com/@rollup%2frollup-linux-s390x-gnu cache-miss
1598 http fetch GET 200 https://registry.npmmirror.com/@rollup%2frollup-linux-loong64-gnu 45ms (cache miss)
1599 silly packumentCache full:https://registry.npmmirror.com/@rollup%2frollup-linux-loong64-gnu set size:12756 disposed:false
1600 silly fetch manifest @rollup/rollup-darwin-x64@4.60.2
1601 silly packumentCache full:https://registry.npmmirror.com/@rollup%2frollup-darwin-x64 cache-miss
1602 http fetch GET 200 https://registry.npmmirror.com/@rollup%2frollup-linux-riscv64-musl 37ms (cache miss)
1603 silly packumentCache full:https://registry.npmmirror.com/@rollup%2frollup-linux-riscv64-musl set size:22327 disposed:false
1604 silly fetch manifest @rollup/rollup-win32-x64-gnu@4.60.2
1605 silly packumentCache full:https://registry.npmmirror.com/@rollup%2frollup-win32-x64-gnu cache-miss
1606 http fetch GET 200 https://registry.npmmirror.com/@rollup%2frollup-linux-ppc64-musl 34ms (cache miss)
1607 silly packumentCache full:https://registry.npmmirror.com/@rollup%2frollup-linux-ppc64-musl set size:5797 disposed:false
1608 silly fetch manifest @rollup/rollup-win32-x64-msvc@4.60.2
1609 silly packumentCache full:https://registry.npmmirror.com/@rollup%2frollup-win32-x64-msvc cache-miss
1610 http fetch GET 200 https://registry.npmmirror.com/@rollup%2frollup-linux-ppc64-gnu 41ms (cache miss)
1611 silly packumentCache full:https://registry.npmmirror.com/@rollup%2frollup-linux-ppc64-gnu set size:17226 disposed:false
1612 silly fetch manifest @rollup/rollup-freebsd-x64@4.60.2
1613 silly packumentCache full:https://registry.npmmirror.com/@rollup%2frollup-freebsd-x64 cache-miss
1614 http fetch GET 200 https://registry.npmmirror.com/@rollup%2frollup-win32-ia32-msvc 122ms (cache miss)
1615 silly packumentCache full:https://registry.npmmirror.com/@rollup%2frollup-win32-ia32-msvc set size:69526 disposed:false
1616 silly fetch manifest @rollup/rollup-linux-x64-gnu@4.60.2
1617 silly packumentCache full:https://registry.npmmirror.com/@rollup%2frollup-linux-x64-gnu cache-miss
1618 http fetch GET 200 https://registry.npmmirror.com/@rollup%2frollup-linux-s390x-gnu 37ms (cache miss)
1619 silly packumentCache full:https://registry.npmmirror.com/@rollup%2frollup-linux-s390x-gnu set size:49594 disposed:false
1620 silly fetch manifest @rollup/rollup-linux-x64-musl@4.60.2
1621 silly packumentCache full:https://registry.npmmirror.com/@rollup%2frollup-linux-x64-musl cache-miss
1622 http fetch GET 200 https://registry.npmmirror.com/@rollup%2frollup-win32-x64-gnu 37ms (cache miss)
1623 silly packumentCache full:https://registry.npmmirror.com/@rollup%2frollup-win32-x64-gnu set size:11593 disposed:false
1624 silly fetch manifest @rollup/rollup-openbsd-x64@4.60.2
1625 silly packumentCache full:https://registry.npmmirror.com/@rollup%2frollup-openbsd-x64 cache-miss
1626 http fetch GET 200 https://registry.npmmirror.com/@rollup%2frollup-linux-riscv64-gnu 104ms (cache miss)
1627 silly packumentCache full:https://registry.npmmirror.com/@rollup%2frollup-linux-riscv64-gnu set size:54288 disposed:false
1628 silly fetch manifest @rollup/rollup-openharmony-arm64@4.60.2
1629 silly packumentCache full:https://registry.npmmirror.com/@rollup%2frollup-openharmony-arm64 cache-miss
1630 http fetch GET 200 https://registry.npmmirror.com/@rollup%2frollup-win32-x64-msvc 57ms (cache miss)
1631 silly packumentCache full:https://registry.npmmirror.com/@rollup%2frollup-win32-x64-msvc set size:68690 disposed:false
1632 http fetch GET 200 https://registry.npmmirror.com/@rollup%2frollup-openbsd-x64 43ms (cache miss)
1633 silly packumentCache full:https://registry.npmmirror.com/@rollup%2frollup-openbsd-x64 set size:5874 disposed:false
1634 http fetch GET 200 https://registry.npmmirror.com/@rollup%2frollup-freebsd-x64 69ms (cache miss)
1635 silly packumentCache full:https://registry.npmmirror.com/@rollup%2frollup-freebsd-x64 set size:37882 disposed:false
1636 http fetch GET 200 https://registry.npmmirror.com/@rollup%2frollup-openharmony-arm64 39ms (cache miss)
1637 silly packumentCache full:https://registry.npmmirror.com/@rollup%2frollup-openharmony-arm64 set size:13095 disposed:false
1638 http fetch GET 200 https://registry.npmmirror.com/@rollup%2frollup-linux-x64-musl 83ms (cache miss)
1639 silly packumentCache full:https://registry.npmmirror.com/@rollup%2frollup-linux-x64-musl set size:68616 disposed:false
1640 http fetch GET 200 https://registry.npmmirror.com/@rollup%2frollup-linux-x64-gnu 90ms (cache miss)
1641 silly packumentCache full:https://registry.npmmirror.com/@rollup%2frollup-linux-x64-gnu set size:68753 disposed:false
1642 http fetch GET 200 https://registry.npmmirror.com/@rollup%2frollup-darwin-x64 136ms (cache miss)
1643 silly packumentCache full:https://registry.npmmirror.com/@rollup%2frollup-darwin-x64 set size:68539 disposed:false
1644 silly placeDep ROOT @esbuild/aix-ppc64@0.21.5 OK for: esbuild@0.21.5 want: 0.21.5
1645 silly placeDep ROOT @esbuild/android-arm@0.21.5 OK for: esbuild@0.21.5 want: 0.21.5
1646 silly placeDep ROOT @esbuild/android-arm64@0.21.5 OK for: esbuild@0.21.5 want: 0.21.5
1647 silly placeDep ROOT @esbuild/android-x64@0.21.5 OK for: esbuild@0.21.5 want: 0.21.5
1648 silly placeDep ROOT @esbuild/darwin-arm64@0.21.5 OK for: esbuild@0.21.5 want: 0.21.5
1649 silly placeDep ROOT @esbuild/darwin-x64@0.21.5 OK for: esbuild@0.21.5 want: 0.21.5
1650 silly placeDep ROOT @esbuild/freebsd-arm64@0.21.5 OK for: esbuild@0.21.5 want: 0.21.5
1651 silly placeDep ROOT @esbuild/freebsd-x64@0.21.5 OK for: esbuild@0.21.5 want: 0.21.5
1652 silly placeDep ROOT @esbuild/linux-arm@0.21.5 OK for: esbuild@0.21.5 want: 0.21.5
1653 silly placeDep ROOT @esbuild/linux-arm64@0.21.5 OK for: esbuild@0.21.5 want: 0.21.5
1654 silly placeDep ROOT @esbuild/linux-ia32@0.21.5 OK for: esbuild@0.21.5 want: 0.21.5
1655 silly placeDep ROOT @esbuild/linux-loong64@0.21.5 OK for: esbuild@0.21.5 want: 0.21.5
1656 silly placeDep ROOT @esbuild/linux-mips64el@0.21.5 OK for: esbuild@0.21.5 want: 0.21.5
1657 silly placeDep ROOT @esbuild/linux-ppc64@0.21.5 OK for: esbuild@0.21.5 want: 0.21.5
1658 silly placeDep ROOT @esbuild/linux-riscv64@0.21.5 OK for: esbuild@0.21.5 want: 0.21.5
1659 silly placeDep ROOT @esbuild/linux-s390x@0.21.5 OK for: esbuild@0.21.5 want: 0.21.5
1660 silly placeDep ROOT @esbuild/linux-x64@0.21.5 OK for: esbuild@0.21.5 want: 0.21.5
1661 silly placeDep ROOT @esbuild/netbsd-x64@0.21.5 OK for: esbuild@0.21.5 want: 0.21.5
1662 silly placeDep ROOT @esbuild/openbsd-x64@0.21.5 OK for: esbuild@0.21.5 want: 0.21.5
1663 silly placeDep ROOT @esbuild/sunos-x64@0.21.5 OK for: esbuild@0.21.5 want: 0.21.5
1664 silly placeDep ROOT @esbuild/win32-arm64@0.21.5 OK for: esbuild@0.21.5 want: 0.21.5
1665 silly placeDep ROOT @esbuild/win32-ia32@0.21.5 OK for: esbuild@0.21.5 want: 0.21.5
1666 silly placeDep ROOT @esbuild/win32-x64@0.21.5 OK for: esbuild@0.21.5 want: 0.21.5
1667 silly placeDep ROOT @rollup/rollup-android-arm-eabi@4.60.2 OK for: rollup@4.60.2 want: 4.60.2
1668 silly placeDep ROOT @rollup/rollup-android-arm64@4.60.2 OK for: rollup@4.60.2 want: 4.60.2
1669 silly placeDep ROOT @rollup/rollup-darwin-arm64@4.60.2 OK for: rollup@4.60.2 want: 4.60.2
1670 silly placeDep ROOT @rollup/rollup-darwin-x64@4.60.2 OK for: rollup@4.60.2 want: 4.60.2
1671 silly placeDep ROOT @rollup/rollup-freebsd-arm64@4.60.2 OK for: rollup@4.60.2 want: 4.60.2
1672 silly placeDep ROOT @rollup/rollup-freebsd-x64@4.60.2 OK for: rollup@4.60.2 want: 4.60.2
1673 silly placeDep ROOT @rollup/rollup-linux-arm-gnueabihf@4.60.2 OK for: rollup@4.60.2 want: 4.60.2
1674 silly placeDep ROOT @rollup/rollup-linux-arm-musleabihf@4.60.2 OK for: rollup@4.60.2 want: 4.60.2
1675 silly placeDep ROOT @rollup/rollup-linux-arm64-gnu@4.60.2 OK for: rollup@4.60.2 want: 4.60.2
1676 silly placeDep ROOT @rollup/rollup-linux-arm64-musl@4.60.2 OK for: rollup@4.60.2 want: 4.60.2
1677 silly placeDep ROOT @rollup/rollup-linux-loong64-gnu@4.60.2 OK for: rollup@4.60.2 want: 4.60.2
1678 silly placeDep ROOT @rollup/rollup-linux-loong64-musl@4.60.2 OK for: rollup@4.60.2 want: 4.60.2
1679 silly placeDep ROOT @rollup/rollup-linux-ppc64-gnu@4.60.2 OK for: rollup@4.60.2 want: 4.60.2
1680 silly placeDep ROOT @rollup/rollup-linux-ppc64-musl@4.60.2 OK for: rollup@4.60.2 want: 4.60.2
1681 silly placeDep ROOT @rollup/rollup-linux-riscv64-gnu@4.60.2 OK for: rollup@4.60.2 want: 4.60.2
1682 silly placeDep ROOT @rollup/rollup-linux-riscv64-musl@4.60.2 OK for: rollup@4.60.2 want: 4.60.2
1683 silly placeDep ROOT @rollup/rollup-linux-s390x-gnu@4.60.2 OK for: rollup@4.60.2 want: 4.60.2
1684 silly placeDep ROOT @rollup/rollup-linux-x64-gnu@4.60.2 OK for: rollup@4.60.2 want: 4.60.2
1685 silly placeDep ROOT @rollup/rollup-linux-x64-musl@4.60.2 OK for: rollup@4.60.2 want: 4.60.2
1686 silly placeDep ROOT @rollup/rollup-openbsd-x64@4.60.2 OK for: rollup@4.60.2 want: 4.60.2
1687 silly placeDep ROOT @rollup/rollup-openharmony-arm64@4.60.2 OK for: rollup@4.60.2 want: 4.60.2
1688 silly placeDep ROOT @rollup/rollup-win32-arm64-msvc@4.60.2 OK for: rollup@4.60.2 want: 4.60.2
1689 silly placeDep ROOT @rollup/rollup-win32-ia32-msvc@4.60.2 OK for: rollup@4.60.2 want: 4.60.2
1690 silly placeDep ROOT @rollup/rollup-win32-x64-gnu@4.60.2 OK for: rollup@4.60.2 want: 4.60.2
1691 silly placeDep ROOT @rollup/rollup-win32-x64-msvc@4.60.2 OK for: rollup@4.60.2 want: 4.60.2
1692 silly placeDep ROOT @types/estree@1.0.8 OK for: rollup@4.60.2 want: 1.0.8
1693 silly placeDep ROOT isexe@2.0.0 OK for: which@2.0.2 want: ^2.0.0
1694 silly placeDep ROOT use-sync-external-store@1.6.0 OK for: zustand@4.5.7 want: ^1.2.2
1695 silly placeDep node_modules/@eslint/eslintrc brace-expansion@1.1.14 OK for: minimatch@3.1.5 want: ^1.1.7
1696 silly fetch manifest concat-map@0.0.1
1697 silly packumentCache full:https://registry.npmmirror.com/concat-map cache-miss
1698 http fetch GET 200 https://registry.npmmirror.com/concat-map 73ms (cache miss)
1699 silly packumentCache full:https://registry.npmmirror.com/concat-map set size:3991 disposed:false
1700 silly placeDep ROOT concat-map@0.0.1 OK for: brace-expansion@1.1.14 want: 0.0.1
1701 silly placeDep node_modules/@humanwhocodes/config-array brace-expansion@1.1.14 OK for: minimatch@3.1.5 want: ^1.1.7
1702 silly placeDep node_modules/eslint brace-expansion@1.1.14 OK for: minimatch@3.1.5 want: ^1.1.7
1703 silly placeDep node_modules/glob brace-expansion@1.1.14 OK for: minimatch@3.1.5 want: ^1.1.7
1704 silly reify moves {}
1705 silly audit bulk request {
1705 silly audit   '@tanstack/react-query': [ '5.99.2' ],
1705 silly audit   '@types/react': [ '18.3.28' ],
1705 silly audit   '@types/react-dom': [ '18.3.7' ],
1705 silly audit   '@typescript-eslint/eslint-plugin': [ '6.21.0' ],
1705 silly audit   '@typescript-eslint/parser': [ '6.21.0' ],
1705 silly audit   '@vitejs/plugin-react': [ '4.7.0' ],
1705 silly audit   autoprefixer: [ '10.5.0' ],
1705 silly audit   axios: [ '1.15.2' ],
1705 silly audit   clsx: [ '2.1.1' ],
1705 silly audit   eslint: [ '8.57.1' ],
1705 silly audit   'eslint-plugin-react-hooks': [ '4.6.2' ],
1705 silly audit   'eslint-plugin-react-refresh': [ '0.4.26' ],
1705 silly audit   'lucide-react': [ '0.294.0' ],
1705 silly audit   postcss: [ '8.5.10' ],
1705 silly audit   react: [ '18.3.1' ],
1705 silly audit   'react-dom': [ '18.3.1' ],
1705 silly audit   'react-router-dom': [ '6.30.3' ],
1705 silly audit   'tailwind-merge': [ '2.6.1' ],
1705 silly audit   tailwindcss: [ '3.4.19' ],
1705 silly audit   typescript: [ '5.9.3' ],
1705 silly audit   vite: [ '5.4.21' ],
1705 silly audit   zustand: [ '4.5.7' ],
1705 silly audit   '@tanstack/query-core': [ '5.99.2' ],
1705 silly audit   '@types/prop-types': [ '15.7.15' ],
1705 silly audit   csstype: [ '3.2.3' ],
1705 silly audit   '@eslint-community/regexpp': [ '4.12.2' ],
1705 silly audit   '@typescript-eslint/scope-manager': [ '6.21.0' ],
1705 silly audit   '@typescript-eslint/type-utils': [ '6.21.0' ],
1705 silly audit   '@typescript-eslint/utils': [ '6.21.0' ],
1705 silly audit   '@typescript-eslint/visitor-keys': [ '6.21.0' ],
1705 silly audit   debug: [ '4.4.3' ],
1705 silly audit   graphemer: [ '1.4.0' ],
1705 silly audit   ignore: [ '5.3.2' ],
1705 silly audit   'natural-compare': [ '1.4.0' ],
1705 silly audit   semver: [ '7.7.4', '6.3.1' ],
1705 silly audit   'ts-api-utils': [ '1.4.3' ],
1705 silly audit   '@typescript-eslint/types': [ '6.21.0' ],
1705 silly audit   '@typescript-eslint/typescript-estree': [ '6.21.0' ],
1705 silly audit   globby: [ '11.1.0' ],
1705 silly audit   'is-glob': [ '4.0.3' ],
1705 silly audit   minimatch: [ '9.0.3', '3.1.5' ],
1705 silly audit   '@eslint-community/eslint-utils': [ '4.9.1' ],
1705 silly audit   '@types/json-schema': [ '7.0.15' ],
1705 silly audit   '@types/semver': [ '7.7.1' ],
1705 silly audit   'eslint-visitor-keys': [ '3.4.3' ],
1705 silly audit   '@babel/core': [ '7.29.0' ],
1705 silly audit   '@babel/plugin-transform-react-jsx-self': [ '7.27.1' ],
1705 silly audit   '@babel/plugin-transform-react-jsx-source': [ '7.27.1' ],
1705 silly audit   '@rolldown/pluginutils': [ '1.0.0-beta.27' ],
1705 silly audit   '@types/babel__core': [ '7.20.5' ],
1705 silly audit   'react-refresh': [ '0.17.0' ],
1705 silly audit   '@babel/code-frame': [ '7.29.0' ],
1705 silly audit   '@babel/generator': [ '7.29.1' ],
1705 silly audit   '@babel/helper-compilation-targets': [ '7.28.6' ],
1705 silly audit   '@babel/helper-module-transforms': [ '7.28.6' ],
1705 silly audit   '@babel/helpers': [ '7.29.2' ],
1705 silly audit   '@babel/parser': [ '7.29.2' ],
1705 silly audit   '@babel/template': [ '7.28.6' ],
1705 silly audit   '@babel/traverse': [ '7.29.0' ],
1705 silly audit   '@babel/types': [ '7.29.0' ],
1705 silly audit   '@jridgewell/remapping': [ '2.3.5' ],
1705 silly audit   'convert-source-map': [ '2.0.0' ],
1705 silly audit   gensync: [ '1.0.0-beta.2' ],
1705 silly audit   json5: [ '2.2.3' ],
1705 silly audit   '@babel/helper-validator-identifier': [ '7.28.5' ],
1705 silly audit   'js-tokens': [ '4.0.0' ],
1705 silly audit   picocolors: [ '1.1.1' ],
1705 silly audit   '@jridgewell/gen-mapping': [ '0.3.13' ],
1705 silly audit   '@jridgewell/trace-mapping': [ '0.3.31' ],
1705 silly audit   jsesc: [ '3.1.0' ],
1705 silly audit   '@babel/compat-data': [ '7.29.0' ],
1705 silly audit   '@babel/helper-validator-option': [ '7.27.1' ],
1705 silly audit   browserslist: [ '4.28.2' ],
1705 silly audit   'lru-cache': [ '5.1.1' ],
1705 silly audit   '@babel/helper-module-imports': [ '7.28.6' ],
1705 silly audit   '@babel/helper-plugin-utils': [ '7.28.6' ],
1705 silly audit   '@babel/helper-globals': [ '7.28.0' ],
1705 silly audit   '@babel/helper-string-parser': [ '7.27.1' ],
1705 silly audit   '@jridgewell/sourcemap-codec': [ '1.5.5' ],
1705 silly audit   '@jridgewell/resolve-uri': [ '3.1.2' ],
1705 silly audit   '@types/babel__generator': [ '7.27.0' ],
1705 silly audit   '@types/babel__template': [ '7.4.4' ],
1705 silly audit   '@types/babel__traverse': [ '7.28.0' ],
1705 silly audit   'caniuse-lite': [ '1.0.30001790' ],
1705 silly audit   'fraction.js': [ '5.3.4' ],
1705 silly audit   'postcss-value-parser': [ '4.2.0' ],
1705 silly audit   'follow-redirects': [ '1.16.0' ],
1705 silly audit   'form-data': [ '4.0.5' ],
1705 silly audit   'proxy-from-env': [ '2.1.0' ],
1705 silly audit   'baseline-browser-mapping': [ '2.10.21' ],
1705 silly audit   'electron-to-chromium': [ '1.5.344' ],
1705 silly audit   'node-releases': [ '2.0.38' ],
1705 silly audit   'update-browserslist-db': [ '1.2.3' ],
1705 silly audit   ms: [ '2.1.3' ],
1705 silly audit   '@eslint/eslintrc': [ '2.1.4' ],
1705 silly audit   '@eslint/js': [ '8.57.1' ],
1705 silly audit   '@humanwhocodes/config-array': [ '0.13.0' ],
1705 silly audit   '@humanwhocodes/module-importer': [ '1.0.1' ],
1705 silly audit   '@nodelib/fs.walk': [ '1.2.8' ],
1705 silly audit   '@ungap/structured-clone': [ '1.3.0' ],
1705 silly audit   ajv: [ '6.14.0' ],
1705 silly audit   chalk: [ '4.1.2' ],
1705 silly audit   'cross-spawn': [ '7.0.6' ],
1705 silly audit   doctrine: [ '3.0.0' ],
1705 silly audit   'escape-string-regexp': [ '4.0.0' ],
1705 silly audit   'eslint-scope': [ '7.2.2' ],
1705 silly audit   espree: [ '9.6.1' ],
1705 silly audit   esquery: [ '1.7.0' ],
1705 silly audit   esutils: [ '2.0.3' ],
1705 silly audit   'fast-deep-equal': [ '3.1.3' ],
1705 silly audit   'file-entry-cache': [ '6.0.1' ],
1705 silly audit   'find-up': [ '5.0.0' ],
1705 silly audit   'glob-parent': [ '6.0.2', '5.1.2' ],
1705 silly audit   globals: [ '13.24.0' ],
1705 silly audit   imurmurhash: [ '0.1.4' ],
1705 silly audit   'is-path-inside': [ '3.0.3' ],
1705 silly audit   'js-yaml': [ '4.1.1' ],
1705 silly audit   'json-stable-stringify-without-jsonify': [ '1.0.1' ],
1705 silly audit   levn: [ '0.4.1' ],
1705 silly audit   'lodash.merge': [ '4.6.2' ],
1705 silly audit   optionator: [ '0.9.4' ],
1705 silly audit   'strip-ansi': [ '6.0.1' ],
1705 silly audit   'text-table': [ '0.2.0' ],
1705 silly audit   'import-fresh': [ '3.3.1' ],
1705 silly audit   'strip-json-comments': [ '3.1.1' ],
1705 silly audit   '@humanwhocodes/object-schema': [ '2.0.3' ],
1705 silly audit   '@nodelib/fs.scandir': [ '2.1.5' ],
1705 silly audit   fastq: [ '1.20.1' ],
1705 silly audit   '@nodelib/fs.stat': [ '2.0.5' ],
1705 silly audit   'run-parallel': [ '1.2.0' ],
1705 silly audit   'fast-json-stable-stringify': [ '2.1.0' ],
1705 silly audit   'json-schema-traverse': [ '0.4.1' ],
1705 silly audit   'uri-js': [ '4.4.1' ],
1705 silly audit   'ansi-styles': [ '4.3.0' ],
1705 silly audit   'supports-color': [ '7.2.0' ],
1705 silly audit   'color-convert': [ '2.0.1' ],
1705 silly audit   'color-name': [ '1.1.4' ],
1705 silly audit   'path-key': [ '3.1.1' ],
1705 silly audit   'shebang-command': [ '2.0.0' ],
1705 silly audit   which: [ '2.0.2' ],
1705 silly audit   esrecurse: [ '4.3.0' ],
1705 silly audit   estraverse: [ '5.3.0' ],
1705 silly audit   acorn: [ '8.16.0' ],
1705 silly audit   'acorn-jsx': [ '5.3.2' ],
1705 silly audit   reusify: [ '1.1.0' ],
1705 silly audit   'flat-cache': [ '3.2.0' ],
1705 silly audit   'locate-path': [ '6.0.0' ],
1705 silly audit   'path-exists': [ '4.0.0' ],
1705 silly audit   flatted: [ '3.4.2' ],
1705 silly audit   keyv: [ '4.5.4' ],
1705 silly audit   rimraf: [ '3.0.2' ],
1705 silly audit   asynckit: [ '0.4.0' ],
1705 silly audit   'combined-stream': [ '1.0.8' ],
1705 silly audit   'es-set-tostringtag': [ '2.1.0' ],
1705 silly audit   hasown: [ '2.0.3' ],
1705 silly audit   'mime-types': [ '2.1.35' ],
1705 silly audit   'delayed-stream': [ '1.0.0' ],
1705 silly audit   'es-errors': [ '1.3.0' ],
1705 silly audit   'get-intrinsic': [ '1.3.0' ],
1705 silly audit   'has-tostringtag': [ '1.0.2' ],
1705 silly audit   'call-bind-apply-helpers': [ '1.0.2' ],
1705 silly audit   'es-define-property': [ '1.0.1' ],
1705 silly audit   'es-object-atoms': [ '1.1.1' ],
1705 silly audit   'function-bind': [ '1.1.2' ],
1705 silly audit   'get-proto': [ '1.0.1' ],
1705 silly audit   gopd: [ '1.2.0' ],
1705 silly audit   'has-symbols': [ '1.1.0' ],
1705 silly audit   'math-intrinsics': [ '1.1.0' ],
1705 silly audit   'dunder-proto': [ '1.0.1' ],
1705 silly audit   'type-fest': [ '0.20.2' ],
1705 silly audit   'array-union': [ '2.1.0' ],
1705 silly audit   'dir-glob': [ '3.0.1' ],
1705 silly audit   'fast-glob': [ '3.3.3' ],
1705 silly audit   merge2: [ '1.4.1' ],
1705 silly audit   slash: [ '3.0.0' ],
1705 silly audit   'path-type': [ '4.0.0' ],
1705 silly audit   micromatch: [ '4.0.8' ],
1705 silly audit   'parent-module': [ '1.0.1' ],
1705 silly audit   'resolve-from': [ '4.0.0' ],
1705 silly audit   'is-extglob': [ '2.1.1' ],
1705 silly audit   argparse: [ '2.0.1' ],
1705 silly audit   'json-buffer': [ '3.0.1' ],
1705 silly audit   'prelude-ls': [ '1.2.1' ],
1705 silly audit   'type-check': [ '0.4.0' ],
1705 silly audit   'p-locate': [ '5.0.0' ],
1705 silly audit   yallist: [ '3.1.1' ],
1705 silly audit   braces: [ '3.0.3' ],
1705 silly audit   picomatch: [ '2.3.2', '4.0.4' ],
1705 silly audit   'fill-range': [ '7.1.1' ],
1705 silly audit   'to-regex-range': [ '5.0.1' ],
1705 silly audit   'mime-db': [ '1.52.0' ],
1705 silly audit   'brace-expansion': [ '2.1.0', '1.1.14' ],
1705 silly audit   'balanced-match': [ '1.0.2' ],
1705 silly audit   'deep-is': [ '0.1.4' ],
1705 silly audit   'fast-levenshtein': [ '2.0.6' ],
1705 silly audit   'word-wrap': [ '1.2.5' ],
1705 silly audit   'p-limit': [ '3.1.0' ],
1705 silly audit   'yocto-queue': [ '0.1.0' ],
1705 silly audit   callsites: [ '3.1.0' ],
1705 silly audit   nanoid: [ '3.3.11' ],
1705 silly audit   'source-map-js': [ '1.2.1' ],
1705 silly audit   'loose-envify': [ '1.4.0' ],
1705 silly audit   scheduler: [ '0.23.2' ],
1705 silly audit   '@remix-run/router': [ '1.23.2' ],
1705 silly audit   'react-router': [ '6.30.3' ],
1705 silly audit   glob: [ '7.2.3' ],
1705 silly audit   'fs.realpath': [ '1.0.0' ],
1705 silly audit   inflight: [ '1.0.6' ],
1705 silly audit   inherits: [ '2.0.4' ],
1705 silly audit   once: [ '1.4.0' ],
1705 silly audit   'path-is-absolute': [ '1.0.1' ],
1705 silly audit   wrappy: [ '1.0.2' ],
1705 silly audit   'queue-microtask': [ '1.2.3' ],
1705 silly audit   'shebang-regex': [ '3.0.0' ],
1705 silly audit   'ansi-regex': [ '5.0.1' ],
1705 silly audit   'has-flag': [ '4.0.0' ],
1705 silly audit   '@alloc/quick-lru': [ '5.2.0' ],
1705 silly audit   arg: [ '5.0.2' ],
1705 silly audit   chokidar: [ '3.6.0' ],
1705 silly audit   didyoumean: [ '1.2.2' ],
1705 silly audit   dlv: [ '1.1.3' ],
1705 silly audit   jiti: [ '1.21.7' ],
1705 silly audit   lilconfig: [ '3.1.3' ],
1705 silly audit   'normalize-path': [ '3.0.0' ],
1705 silly audit   'object-hash': [ '3.0.0' ],
1705 silly audit   'postcss-import': [ '15.1.0' ],
1705 silly audit   'postcss-js': [ '4.1.0' ],
1705 silly audit   'postcss-load-config': [ '6.0.1' ],
1705 silly audit   'postcss-nested': [ '6.2.0' ],
1705 silly audit   'postcss-selector-parser': [ '6.1.2' ],
1705 silly audit   resolve: [ '1.22.12' ],
1705 silly audit   sucrase: [ '3.35.1' ],
1705 silly audit   anymatch: [ '3.1.3' ],
1705 silly audit   fsevents: [ '2.3.3' ],
1705 silly audit   'is-binary-path': [ '2.1.0' ],
1705 silly audit   readdirp: [ '3.6.0' ],
1705 silly audit   'binary-extensions': [ '2.3.0' ],
1705 silly audit   'read-cache': [ '1.0.0' ],
1705 silly audit   'camelcase-css': [ '2.0.1' ],
1705 silly audit   cssesc: [ '3.0.0' ],
1705 silly audit   'util-deprecate': [ '1.0.2' ],
1705 silly audit   pify: [ '2.3.0' ],
1705 silly audit   'is-core-module': [ '2.16.1' ],
1705 silly audit   'path-parse': [ '1.0.7' ],
1705 silly audit   'supports-preserve-symlinks-flag': [ '1.0.0' ],
1705 silly audit   commander: [ '4.1.1' ],
1705 silly audit   'lines-and-columns': [ '1.2.4' ],
1705 silly audit   mz: [ '2.7.0' ],
1705 silly audit   pirates: [ '4.0.7' ],
1705 silly audit   tinyglobby: [ '0.2.16' ],
1705 silly audit   'ts-interface-checker': [ '0.1.13' ],
1705 silly audit   'any-promise': [ '1.3.0' ],
1705 silly audit   'object-assign': [ '4.1.1' ],
1705 silly audit   'thenify-all': [ '1.6.0' ],
1705 silly audit   thenify: [ '3.3.1' ],
1705 silly audit   fdir: [ '6.5.0' ],
1705 silly audit   'is-number': [ '7.0.0' ],
1705 silly audit   escalade: [ '3.2.0' ],
1705 silly audit   punycode: [ '2.3.1' ],
1705 silly audit   esbuild: [ '0.21.5' ],
1705 silly audit   rollup: [ '4.60.2' ],
1705 silly audit   '@esbuild/aix-ppc64': [ '0.21.5' ],
1705 silly audit   '@esbuild/android-arm': [ '0.21.5' ],
1705 silly audit   '@esbuild/android-arm64': [ '0.21.5' ],
1705 silly audit   '@esbuild/android-x64': [ '0.21.5' ],
1705 silly audit   '@esbuild/darwin-arm64': [ '0.21.5' ],
1705 silly audit   '@esbuild/darwin-x64': [ '0.21.5' ],
1705 silly audit   '@esbuild/freebsd-arm64': [ '0.21.5' ],
1705 silly audit   '@esbuild/freebsd-x64': [ '0.21.5' ],
1705 silly audit   '@esbuild/linux-arm': [ '0.21.5' ],
1705 silly audit   '@esbuild/linux-arm64': [ '0.21.5' ],
1705 silly audit   '@esbuild/linux-ia32': [ '0.21.5' ],
1705 silly audit   '@esbuild/linux-loong64': [ '0.21.5' ],
1705 silly audit   '@esbuild/linux-mips64el': [ '0.21.5' ],
1705 silly audit   '@esbuild/linux-ppc64': [ '0.21.5' ],
1705 silly audit   '@esbuild/linux-riscv64': [ '0.21.5' ],
1705 silly audit   '@esbuild/linux-s390x': [ '0.21.5' ],
1705 silly audit   '@esbuild/linux-x64': [ '0.21.5' ],
1705 silly audit   '@esbuild/netbsd-x64': [ '0.21.5' ],
1705 silly audit   '@esbuild/openbsd-x64': [ '0.21.5' ],
1705 silly audit   '@esbuild/sunos-x64': [ '0.21.5' ],
1705 silly audit   '@esbuild/win32-arm64': [ '0.21.5' ],
1705 silly audit   '@esbuild/win32-ia32': [ '0.21.5' ],
1705 silly audit   '@esbuild/win32-x64': [ '0.21.5' ],
1705 silly audit   '@rollup/rollup-android-arm-eabi': [ '4.60.2' ],
1705 silly audit   '@rollup/rollup-android-arm64': [ '4.60.2' ],
1705 silly audit   '@rollup/rollup-darwin-arm64': [ '4.60.2' ],
1705 silly audit   '@rollup/rollup-darwin-x64': [ '4.60.2' ],
1705 silly audit   '@rollup/rollup-freebsd-arm64': [ '4.60.2' ],
1705 silly audit   '@rollup/rollup-freebsd-x64': [ '4.60.2' ],
1705 silly audit   '@rollup/rollup-linux-arm-gnueabihf': [ '4.60.2' ],
1705 silly audit   '@rollup/rollup-linux-arm-musleabihf': [ '4.60.2' ],
1705 silly audit   '@rollup/rollup-linux-arm64-gnu': [ '4.60.2' ],
1705 silly audit   '@rollup/rollup-linux-arm64-musl': [ '4.60.2' ],
1705 silly audit   '@rollup/rollup-linux-loong64-gnu': [ '4.60.2' ],
1705 silly audit   '@rollup/rollup-linux-loong64-musl': [ '4.60.2' ],
1705 silly audit   '@rollup/rollup-linux-ppc64-gnu': [ '4.60.2' ],
1705 silly audit   '@rollup/rollup-linux-ppc64-musl': [ '4.60.2' ],
1705 silly audit   '@rollup/rollup-linux-riscv64-gnu': [ '4.60.2' ],
1705 silly audit   '@rollup/rollup-linux-riscv64-musl': [ '4.60.2' ],
1705 silly audit   '@rollup/rollup-linux-s390x-gnu': [ '4.60.2' ],
1705 silly audit   '@rollup/rollup-linux-x64-gnu': [ '4.60.2' ],
1705 silly audit   '@rollup/rollup-linux-x64-musl': [ '4.60.2' ],
1705 silly audit   '@rollup/rollup-openbsd-x64': [ '4.60.2' ],
1705 silly audit   '@rollup/rollup-openharmony-arm64': [ '4.60.2' ],
1705 silly audit   '@rollup/rollup-win32-arm64-msvc': [ '4.60.2' ],
1705 silly audit   '@rollup/rollup-win32-ia32-msvc': [ '4.60.2' ],
1705 silly audit   '@rollup/rollup-win32-x64-gnu': [ '4.60.2' ],
1705 silly audit   '@rollup/rollup-win32-x64-msvc': [ '4.60.2' ],
1705 silly audit   '@types/estree': [ '1.0.8' ],
1705 silly audit   isexe: [ '2.0.0' ],
1705 silly audit   'use-sync-external-store': [ '1.6.0' ],
1705 silly audit   'concat-map': [ '0.0.1' ]
1705 silly audit }
1706 verbose reify failed optional dependency /Users/william.wang/workspace/blog/blog-frontend/node_modules/@rollup/rollup-win32-x64-msvc
1707 silly reify mark deleted [
1707 silly reify   '/Users/william.wang/workspace/blog/blog-frontend/node_modules/@rollup/rollup-win32-x64-msvc'
1707 silly reify ]
1708 verbose reify failed optional dependency /Users/william.wang/workspace/blog/blog-frontend/node_modules/@rollup/rollup-win32-x64-gnu
1709 silly reify mark deleted [
1709 silly reify   '/Users/william.wang/workspace/blog/blog-frontend/node_modules/@rollup/rollup-win32-x64-gnu'
1709 silly reify ]
1710 verbose reify failed optional dependency /Users/william.wang/workspace/blog/blog-frontend/node_modules/@rollup/rollup-win32-ia32-msvc
1711 silly reify mark deleted [
1711 silly reify   '/Users/william.wang/workspace/blog/blog-frontend/node_modules/@rollup/rollup-win32-ia32-msvc'
1711 silly reify ]
1712 verbose reify failed optional dependency /Users/william.wang/workspace/blog/blog-frontend/node_modules/@rollup/rollup-win32-arm64-msvc
1713 silly reify mark deleted [
1713 silly reify   '/Users/william.wang/workspace/blog/blog-frontend/node_modules/@rollup/rollup-win32-arm64-msvc'
1713 silly reify ]
1714 verbose reify failed optional dependency /Users/william.wang/workspace/blog/blog-frontend/node_modules/@rollup/rollup-openharmony-arm64
1715 silly reify mark deleted [
1715 silly reify   '/Users/william.wang/workspace/blog/blog-frontend/node_modules/@rollup/rollup-openharmony-arm64'
1715 silly reify ]
1716 verbose reify failed optional dependency /Users/william.wang/workspace/blog/blog-frontend/node_modules/@rollup/rollup-openbsd-x64
1717 silly reify mark deleted [
1717 silly reify   '/Users/william.wang/workspace/blog/blog-frontend/node_modules/@rollup/rollup-openbsd-x64'
1717 silly reify ]
1718 verbose reify failed optional dependency /Users/william.wang/workspace/blog/blog-frontend/node_modules/@rollup/rollup-linux-x64-musl
1719 silly reify mark deleted [
1719 silly reify   '/Users/william.wang/workspace/blog/blog-frontend/node_modules/@rollup/rollup-linux-x64-musl'
1719 silly reify ]
1720 verbose reify failed optional dependency /Users/william.wang/workspace/blog/blog-frontend/node_modules/@rollup/rollup-linux-x64-gnu
1721 silly reify mark deleted [
1721 silly reify   '/Users/william.wang/workspace/blog/blog-frontend/node_modules/@rollup/rollup-linux-x64-gnu'
1721 silly reify ]
1722 verbose reify failed optional dependency /Users/william.wang/workspace/blog/blog-frontend/node_modules/@rollup/rollup-linux-s390x-gnu
1723 silly reify mark deleted [
1723 silly reify   '/Users/william.wang/workspace/blog/blog-frontend/node_modules/@rollup/rollup-linux-s390x-gnu'
1723 silly reify ]
1724 verbose reify failed optional dependency /Users/william.wang/workspace/blog/blog-frontend/node_modules/@rollup/rollup-linux-riscv64-musl
1725 silly reify mark deleted [
1725 silly reify   '/Users/william.wang/workspace/blog/blog-frontend/node_modules/@rollup/rollup-linux-riscv64-musl'
1725 silly reify ]
1726 verbose reify failed optional dependency /Users/william.wang/workspace/blog/blog-frontend/node_modules/@rollup/rollup-linux-riscv64-gnu
1727 silly reify mark deleted [
1727 silly reify   '/Users/william.wang/workspace/blog/blog-frontend/node_modules/@rollup/rollup-linux-riscv64-gnu'
1727 silly reify ]
1728 verbose reify failed optional dependency /Users/william.wang/workspace/blog/blog-frontend/node_modules/@rollup/rollup-linux-ppc64-musl
1729 silly reify mark deleted [
1729 silly reify   '/Users/william.wang/workspace/blog/blog-frontend/node_modules/@rollup/rollup-linux-ppc64-musl'
1729 silly reify ]
1730 verbose reify failed optional dependency /Users/william.wang/workspace/blog/blog-frontend/node_modules/@rollup/rollup-linux-ppc64-gnu
1731 silly reify mark deleted [
1731 silly reify   '/Users/william.wang/workspace/blog/blog-frontend/node_modules/@rollup/rollup-linux-ppc64-gnu'
1731 silly reify ]
1732 verbose reify failed optional dependency /Users/william.wang/workspace/blog/blog-frontend/node_modules/@rollup/rollup-linux-loong64-musl
1733 silly reify mark deleted [
1733 silly reify   '/Users/william.wang/workspace/blog/blog-frontend/node_modules/@rollup/rollup-linux-loong64-musl'
1733 silly reify ]
1734 verbose reify failed optional dependency /Users/william.wang/workspace/blog/blog-frontend/node_modules/@rollup/rollup-linux-loong64-gnu
1735 silly reify mark deleted [
1735 silly reify   '/Users/william.wang/workspace/blog/blog-frontend/node_modules/@rollup/rollup-linux-loong64-gnu'
1735 silly reify ]
1736 verbose reify failed optional dependency /Users/william.wang/workspace/blog/blog-frontend/node_modules/@rollup/rollup-linux-arm64-musl
1737 silly reify mark deleted [
1737 silly reify   '/Users/william.wang/workspace/blog/blog-frontend/node_modules/@rollup/rollup-linux-arm64-musl'
1737 silly reify ]
1738 verbose reify failed optional dependency /Users/william.wang/workspace/blog/blog-frontend/node_modules/@rollup/rollup-linux-arm64-gnu
1739 silly reify mark deleted [
1739 silly reify   '/Users/william.wang/workspace/blog/blog-frontend/node_modules/@rollup/rollup-linux-arm64-gnu'
1739 silly reify ]
1740 verbose reify failed optional dependency /Users/william.wang/workspace/blog/blog-frontend/node_modules/@rollup/rollup-linux-arm-musleabihf
1741 silly reify mark deleted [
1741 silly reify   '/Users/william.wang/workspace/blog/blog-frontend/node_modules/@rollup/rollup-linux-arm-musleabihf'
1741 silly reify ]
1742 verbose reify failed optional dependency /Users/william.wang/workspace/blog/blog-frontend/node_modules/@rollup/rollup-linux-arm-gnueabihf
1743 silly reify mark deleted [
1743 silly reify   '/Users/william.wang/workspace/blog/blog-frontend/node_modules/@rollup/rollup-linux-arm-gnueabihf'
1743 silly reify ]
1744 verbose reify failed optional dependency /Users/william.wang/workspace/blog/blog-frontend/node_modules/@rollup/rollup-freebsd-x64
1745 silly reify mark deleted [
1745 silly reify   '/Users/william.wang/workspace/blog/blog-frontend/node_modules/@rollup/rollup-freebsd-x64'
1745 silly reify ]
1746 verbose reify failed optional dependency /Users/william.wang/workspace/blog/blog-frontend/node_modules/@rollup/rollup-freebsd-arm64
1747 silly reify mark deleted [
1747 silly reify   '/Users/william.wang/workspace/blog/blog-frontend/node_modules/@rollup/rollup-freebsd-arm64'
1747 silly reify ]
1748 verbose reify failed optional dependency /Users/william.wang/workspace/blog/blog-frontend/node_modules/@rollup/rollup-darwin-x64
1749 silly reify mark deleted [
1749 silly reify   '/Users/william.wang/workspace/blog/blog-frontend/node_modules/@rollup/rollup-darwin-x64'
1749 silly reify ]
1750 verbose reify failed optional dependency /Users/william.wang/workspace/blog/blog-frontend/node_modules/@rollup/rollup-android-arm64
1751 silly reify mark deleted [
1751 silly reify   '/Users/william.wang/workspace/blog/blog-frontend/node_modules/@rollup/rollup-android-arm64'
1751 silly reify ]
1752 verbose reify failed optional dependency /Users/william.wang/workspace/blog/blog-frontend/node_modules/@rollup/rollup-android-arm-eabi
1753 silly reify mark deleted [
1753 silly reify   '/Users/william.wang/workspace/blog/blog-frontend/node_modules/@rollup/rollup-android-arm-eabi'
1753 silly reify ]
1754 verbose reify failed optional dependency /Users/william.wang/workspace/blog/blog-frontend/node_modules/@esbuild/win32-x64
1755 silly reify mark deleted [
1755 silly reify   '/Users/william.wang/workspace/blog/blog-frontend/node_modules/@esbuild/win32-x64'
1755 silly reify ]
1756 verbose reify failed optional dependency /Users/william.wang/workspace/blog/blog-frontend/node_modules/@esbuild/win32-ia32
1757 silly reify mark deleted [
1757 silly reify   '/Users/william.wang/workspace/blog/blog-frontend/node_modules/@esbuild/win32-ia32'
1757 silly reify ]
1758 verbose reify failed optional dependency /Users/william.wang/workspace/blog/blog-frontend/node_modules/@esbuild/win32-arm64
1759 silly reify mark deleted [
1759 silly reify   '/Users/william.wang/workspace/blog/blog-frontend/node_modules/@esbuild/win32-arm64'
1759 silly reify ]
1760 verbose reify failed optional dependency /Users/william.wang/workspace/blog/blog-frontend/node_modules/@esbuild/sunos-x64
1761 silly reify mark deleted [
1761 silly reify   '/Users/william.wang/workspace/blog/blog-frontend/node_modules/@esbuild/sunos-x64'
1761 silly reify ]
1762 verbose reify failed optional dependency /Users/william.wang/workspace/blog/blog-frontend/node_modules/@esbuild/openbsd-x64
1763 silly reify mark deleted [
1763 silly reify   '/Users/william.wang/workspace/blog/blog-frontend/node_modules/@esbuild/openbsd-x64'
1763 silly reify ]
1764 verbose reify failed optional dependency /Users/william.wang/workspace/blog/blog-frontend/node_modules/@esbuild/netbsd-x64
1765 silly reify mark deleted [
1765 silly reify   '/Users/william.wang/workspace/blog/blog-frontend/node_modules/@esbuild/netbsd-x64'
1765 silly reify ]
1766 verbose reify failed optional dependency /Users/william.wang/workspace/blog/blog-frontend/node_modules/@esbuild/linux-x64
1767 silly reify mark deleted [
1767 silly reify   '/Users/william.wang/workspace/blog/blog-frontend/node_modules/@esbuild/linux-x64'
1767 silly reify ]
1768 verbose reify failed optional dependency /Users/william.wang/workspace/blog/blog-frontend/node_modules/@esbuild/linux-s390x
1769 silly reify mark deleted [
1769 silly reify   '/Users/william.wang/workspace/blog/blog-frontend/node_modules/@esbuild/linux-s390x'
1769 silly reify ]
1770 verbose reify failed optional dependency /Users/william.wang/workspace/blog/blog-frontend/node_modules/@esbuild/linux-riscv64
1771 silly reify mark deleted [
1771 silly reify   '/Users/william.wang/workspace/blog/blog-frontend/node_modules/@esbuild/linux-riscv64'
1771 silly reify ]
1772 verbose reify failed optional dependency /Users/william.wang/workspace/blog/blog-frontend/node_modules/@esbuild/linux-ppc64
1773 silly reify mark deleted [
1773 silly reify   '/Users/william.wang/workspace/blog/blog-frontend/node_modules/@esbuild/linux-ppc64'
1773 silly reify ]
1774 verbose reify failed optional dependency /Users/william.wang/workspace/blog/blog-frontend/node_modules/@esbuild/linux-mips64el
1775 silly reify mark deleted [
1775 silly reify   '/Users/william.wang/workspace/blog/blog-frontend/node_modules/@esbuild/linux-mips64el'
1775 silly reify ]
1776 verbose reify failed optional dependency /Users/william.wang/workspace/blog/blog-frontend/node_modules/@esbuild/linux-loong64
1777 silly reify mark deleted [
1777 silly reify   '/Users/william.wang/workspace/blog/blog-frontend/node_modules/@esbuild/linux-loong64'
1777 silly reify ]
1778 verbose reify failed optional dependency /Users/william.wang/workspace/blog/blog-frontend/node_modules/@esbuild/linux-ia32
1779 silly reify mark deleted [
1779 silly reify   '/Users/william.wang/workspace/blog/blog-frontend/node_modules/@esbuild/linux-ia32'
1779 silly reify ]
1780 verbose reify failed optional dependency /Users/william.wang/workspace/blog/blog-frontend/node_modules/@esbuild/linux-arm64
1781 silly reify mark deleted [
1781 silly reify   '/Users/william.wang/workspace/blog/blog-frontend/node_modules/@esbuild/linux-arm64'
1781 silly reify ]
1782 verbose reify failed optional dependency /Users/william.wang/workspace/blog/blog-frontend/node_modules/@esbuild/linux-arm
1783 silly reify mark deleted [
1783 silly reify   '/Users/william.wang/workspace/blog/blog-frontend/node_modules/@esbuild/linux-arm'
1783 silly reify ]
1784 verbose reify failed optional dependency /Users/william.wang/workspace/blog/blog-frontend/node_modules/@esbuild/freebsd-x64
1785 silly reify mark deleted [
1785 silly reify   '/Users/william.wang/workspace/blog/blog-frontend/node_modules/@esbuild/freebsd-x64'
1785 silly reify ]
1786 verbose reify failed optional dependency /Users/william.wang/workspace/blog/blog-frontend/node_modules/@esbuild/freebsd-arm64
1787 silly reify mark deleted [
1787 silly reify   '/Users/william.wang/workspace/blog/blog-frontend/node_modules/@esbuild/freebsd-arm64'
1787 silly reify ]
1788 verbose reify failed optional dependency /Users/william.wang/workspace/blog/blog-frontend/node_modules/@esbuild/darwin-x64
1789 silly reify mark deleted [
1789 silly reify   '/Users/william.wang/workspace/blog/blog-frontend/node_modules/@esbuild/darwin-x64'
1789 silly reify ]
1790 verbose reify failed optional dependency /Users/william.wang/workspace/blog/blog-frontend/node_modules/@esbuild/android-x64
1791 silly reify mark deleted [
1791 silly reify   '/Users/william.wang/workspace/blog/blog-frontend/node_modules/@esbuild/android-x64'
1791 silly reify ]
1792 verbose reify failed optional dependency /Users/william.wang/workspace/blog/blog-frontend/node_modules/@esbuild/android-arm64
1793 silly reify mark deleted [
1793 silly reify   '/Users/william.wang/workspace/blog/blog-frontend/node_modules/@esbuild/android-arm64'
1793 silly reify ]
1794 verbose reify failed optional dependency /Users/william.wang/workspace/blog/blog-frontend/node_modules/@esbuild/android-arm
1795 silly reify mark deleted [
1795 silly reify   '/Users/william.wang/workspace/blog/blog-frontend/node_modules/@esbuild/android-arm'
1795 silly reify ]
1796 verbose reify failed optional dependency /Users/william.wang/workspace/blog/blog-frontend/node_modules/@esbuild/aix-ppc64
1797 silly reify mark deleted [
1797 silly reify   '/Users/william.wang/workspace/blog/blog-frontend/node_modules/@esbuild/aix-ppc64'
1797 silly reify ]
1798 silly tarball no local data for concat-map@https://registry.npmmirror.com/concat-map/-/concat-map-0.0.1.tgz. Extracting by manifest.
1799 silly tarball no local data for @types/estree@https://registry.npmmirror.com/@types/estree/-/estree-1.0.8.tgz. Extracting by manifest.
1800 silly tarball no local data for use-sync-external-store@https://registry.npmmirror.com/use-sync-external-store/-/use-sync-external-store-1.6.0.tgz. Extracting by manifest.
1801 silly tarball no local data for @esbuild/darwin-arm64@https://registry.npmmirror.com/@esbuild/darwin-arm64/-/darwin-arm64-0.21.5.tgz. Extracting by manifest.
1802 silly tarball no local data for esbuild@https://registry.npmmirror.com/esbuild/-/esbuild-0.21.5.tgz. Extracting by manifest.
1803 silly tarball no local data for punycode@https://registry.npmmirror.com/punycode/-/punycode-2.3.1.tgz. Extracting by manifest.
1804 silly tarball no local data for rollup@https://registry.npmmirror.com/rollup/-/rollup-4.60.2.tgz. Extracting by manifest.
1805 silly tarball no local data for @rollup/rollup-darwin-arm64@https://registry.npmmirror.com/@rollup/rollup-darwin-arm64/-/rollup-darwin-arm64-4.60.2.tgz. Extracting by manifest.
1806 silly tarball no local data for is-number@https://registry.npmmirror.com/is-number/-/is-number-7.0.0.tgz. Extracting by manifest.
1807 silly tarball no local data for isexe@https://registry.npmmirror.com/isexe/-/isexe-2.0.0.tgz. Extracting by manifest.
1808 silly tarball no local data for object-assign@https://registry.npmmirror.com/object-assign/-/object-assign-4.1.1.tgz. Extracting by manifest.
1809 silly tarball no local data for thenify@https://registry.npmmirror.com/thenify/-/thenify-3.3.1.tgz. Extracting by manifest.
1810 silly tarball no local data for fdir@https://registry.npmmirror.com/fdir/-/fdir-6.5.0.tgz. Extracting by manifest.
1811 silly tarball no local data for thenify-all@https://registry.npmmirror.com/thenify-all/-/thenify-all-1.6.0.tgz. Extracting by manifest.
1812 silly tarball no local data for ts-interface-checker@https://registry.npmmirror.com/ts-interface-checker/-/ts-interface-checker-0.1.13.tgz. Extracting by manifest.
1813 silly tarball no local data for tinyglobby@https://registry.npmmirror.com/tinyglobby/-/tinyglobby-0.2.16.tgz. Extracting by manifest.
1814 silly tarball no local data for escalade@https://registry.npmmirror.com/escalade/-/escalade-3.2.0.tgz. Extracting by manifest.
1815 silly tarball no local data for lines-and-columns@https://registry.npmmirror.com/lines-and-columns/-/lines-and-columns-1.2.4.tgz. Extracting by manifest.
1816 silly tarball no local data for mz@https://registry.npmmirror.com/mz/-/mz-2.7.0.tgz. Extracting by manifest.
1817 silly tarball no local data for commander@https://registry.npmmirror.com/commander/-/commander-4.1.1.tgz. Extracting by manifest.
1818 silly tarball no local data for is-core-module@https://registry.npmmirror.com/is-core-module/-/is-core-module-2.16.1.tgz. Extracting by manifest.
1819 silly tarball no local data for supports-preserve-symlinks-flag@https://registry.npmmirror.com/supports-preserve-symlinks-flag/-/supports-preserve-symlinks-flag-1.0.0.tgz. Extracting by manifest.
1820 silly tarball no local data for any-promise@https://registry.npmmirror.com/any-promise/-/any-promise-1.3.0.tgz. Extracting by manifest.
1821 silly tarball no local data for path-parse@https://registry.npmmirror.com/path-parse/-/path-parse-1.0.7.tgz. Extracting by manifest.
1822 silly tarball no local data for util-deprecate@https://registry.npmmirror.com/util-deprecate/-/util-deprecate-1.0.2.tgz. Extracting by manifest.
1823 silly tarball no local data for pify@https://registry.npmmirror.com/pify/-/pify-2.3.0.tgz. Extracting by manifest.
1824 silly tarball no local data for camelcase-css@https://registry.npmmirror.com/camelcase-css/-/camelcase-css-2.0.1.tgz. Extracting by manifest.
1825 silly tarball no local data for read-cache@https://registry.npmmirror.com/read-cache/-/read-cache-1.0.0.tgz. Extracting by manifest.
1826 silly tarball no local data for readdirp@https://registry.npmmirror.com/readdirp/-/readdirp-3.6.0.tgz. Extracting by manifest.
1827 silly tarball no local data for cssesc@https://registry.npmmirror.com/cssesc/-/cssesc-3.0.0.tgz. Extracting by manifest.
1828 silly tarball no local data for is-binary-path@https://registry.npmmirror.com/is-binary-path/-/is-binary-path-2.1.0.tgz. Extracting by manifest.
1829 silly tarball no local data for binary-extensions@https://registry.npmmirror.com/binary-extensions/-/binary-extensions-2.3.0.tgz. Extracting by manifest.
1830 silly tarball no local data for anymatch@https://registry.npmmirror.com/anymatch/-/anymatch-3.1.3.tgz. Extracting by manifest.
1831 silly tarball no local data for resolve@https://registry.npmmirror.com/resolve/-/resolve-1.22.12.tgz. Extracting by manifest.
1832 silly tarball no local data for fsevents@https://registry.npmmirror.com/fsevents/-/fsevents-2.3.3.tgz. Extracting by manifest.
1833 silly tarball no local data for postcss-nested@https://registry.npmmirror.com/postcss-nested/-/postcss-nested-6.2.0.tgz. Extracting by manifest.
1834 silly tarball no local data for postcss-load-config@https://registry.npmmirror.com/postcss-load-config/-/postcss-load-config-6.0.1.tgz. Extracting by manifest.
1835 silly tarball no local data for sucrase@https://registry.npmmirror.com/sucrase/-/sucrase-3.35.1.tgz. Extracting by manifest.
1836 silly tarball no local data for pirates@https://registry.npmmirror.com/pirates/-/pirates-4.0.7.tgz. Extracting by manifest.
1837 silly tarball no local data for postcss-js@https://registry.npmmirror.com/postcss-js/-/postcss-js-4.1.0.tgz. Extracting by manifest.
1838 silly tarball no local data for postcss-import@https://registry.npmmirror.com/postcss-import/-/postcss-import-15.1.0.tgz. Extracting by manifest.
1839 silly tarball no local data for postcss-selector-parser@https://registry.npmmirror.com/postcss-selector-parser/-/postcss-selector-parser-6.1.2.tgz. Extracting by manifest.
1840 silly tarball no local data for normalize-path@https://registry.npmmirror.com/normalize-path/-/normalize-path-3.0.0.tgz. Extracting by manifest.
1841 silly tarball no local data for object-hash@https://registry.npmmirror.com/object-hash/-/object-hash-3.0.0.tgz. Extracting by manifest.
1842 silly tarball no local data for lilconfig@https://registry.npmmirror.com/lilconfig/-/lilconfig-3.1.3.tgz. Extracting by manifest.
1843 silly tarball no local data for chokidar@https://registry.npmmirror.com/chokidar/-/chokidar-3.6.0.tgz. Extracting by manifest.
1844 silly tarball no local data for dlv@https://registry.npmmirror.com/dlv/-/dlv-1.1.3.tgz. Extracting by manifest.
1845 silly tarball no local data for didyoumean@https://registry.npmmirror.com/didyoumean/-/didyoumean-1.2.2.tgz. Extracting by manifest.
1846 silly tarball no local data for arg@https://registry.npmmirror.com/arg/-/arg-5.0.2.tgz. Extracting by manifest.
1847 silly tarball no local data for @alloc/quick-lru@https://registry.npmmirror.com/@alloc/quick-lru/-/quick-lru-5.2.0.tgz. Extracting by manifest.
1848 silly tarball no local data for has-flag@https://registry.npmmirror.com/has-flag/-/has-flag-4.0.0.tgz. Extracting by manifest.
1849 silly tarball no local data for ansi-regex@https://registry.npmmirror.com/ansi-regex/-/ansi-regex-5.0.1.tgz. Extracting by manifest.
1850 silly tarball no local data for shebang-regex@https://registry.npmmirror.com/shebang-regex/-/shebang-regex-3.0.0.tgz. Extracting by manifest.
1851 silly tarball no local data for queue-microtask@https://registry.npmmirror.com/queue-microtask/-/queue-microtask-1.2.3.tgz. Extracting by manifest.
1852 silly tarball no local data for wrappy@https://registry.npmmirror.com/wrappy/-/wrappy-1.0.2.tgz. Extracting by manifest.
1853 silly tarball no local data for path-is-absolute@https://registry.npmmirror.com/path-is-absolute/-/path-is-absolute-1.0.1.tgz. Extracting by manifest.
1854 silly tarball no local data for inherits@https://registry.npmmirror.com/inherits/-/inherits-2.0.4.tgz. Extracting by manifest.
1855 silly tarball no local data for once@https://registry.npmmirror.com/once/-/once-1.4.0.tgz. Extracting by manifest.
1856 silly tarball no local data for inflight@https://registry.npmmirror.com/inflight/-/inflight-1.0.6.tgz. Extracting by manifest.
1857 silly tarball no local data for glob@https://registry.npmmirror.com/glob/-/glob-7.2.3.tgz. Extracting by manifest.
1858 silly tarball no local data for fs.realpath@https://registry.npmmirror.com/fs.realpath/-/fs.realpath-1.0.0.tgz. Extracting by manifest.
1859 silly tarball no local data for react-router@https://registry.npmmirror.com/react-router/-/react-router-6.30.3.tgz. Extracting by manifest.
1860 silly tarball no local data for @remix-run/router@https://registry.npmmirror.com/@remix-run/router/-/router-1.23.2.tgz. Extracting by manifest.
1861 silly tarball no local data for scheduler@https://registry.npmmirror.com/scheduler/-/scheduler-0.23.2.tgz. Extracting by manifest.
1862 silly tarball no local data for nanoid@https://registry.npmmirror.com/nanoid/-/nanoid-3.3.11.tgz. Extracting by manifest.
1863 silly tarball no local data for source-map-js@https://registry.npmmirror.com/source-map-js/-/source-map-js-1.2.1.tgz. Extracting by manifest.
1864 silly tarball no local data for loose-envify@https://registry.npmmirror.com/loose-envify/-/loose-envify-1.4.0.tgz. Extracting by manifest.
1865 silly tarball no local data for callsites@https://registry.npmmirror.com/callsites/-/callsites-3.1.0.tgz. Extracting by manifest.
1866 silly tarball no local data for yocto-queue@https://registry.npmmirror.com/yocto-queue/-/yocto-queue-0.1.0.tgz. Extracting by manifest.
1867 silly tarball no local data for p-limit@https://registry.npmmirror.com/p-limit/-/p-limit-3.1.0.tgz. Extracting by manifest.
1868 silly tarball no local data for word-wrap@https://registry.npmmirror.com/word-wrap/-/word-wrap-1.2.5.tgz. Extracting by manifest.
1869 silly tarball no local data for fast-levenshtein@https://registry.npmmirror.com/fast-levenshtein/-/fast-levenshtein-2.0.6.tgz. Extracting by manifest.
1870 silly tarball no local data for deep-is@https://registry.npmmirror.com/deep-is/-/deep-is-0.1.4.tgz. Extracting by manifest.
1871 silly tarball no local data for balanced-match@https://registry.npmmirror.com/balanced-match/-/balanced-match-1.0.2.tgz. Extracting by manifest.
1872 silly tarball no local data for mime-db@https://registry.npmmirror.com/mime-db/-/mime-db-1.52.0.tgz. Extracting by manifest.
1873 silly tarball no local data for brace-expansion@https://registry.npmmirror.com/brace-expansion/-/brace-expansion-2.1.0.tgz. Extracting by manifest.
1874 silly tarball no local data for to-regex-range@https://registry.npmmirror.com/to-regex-range/-/to-regex-range-5.0.1.tgz. Extracting by manifest.
1875 silly tarball no local data for fill-range@https://registry.npmmirror.com/fill-range/-/fill-range-7.1.1.tgz. Extracting by manifest.
1876 silly tarball no local data for braces@https://registry.npmmirror.com/braces/-/braces-3.0.3.tgz. Extracting by manifest.
1877 silly tarball no local data for picomatch@https://registry.npmmirror.com/picomatch/-/picomatch-2.3.2.tgz. Extracting by manifest.
1878 silly tarball no local data for p-locate@https://registry.npmmirror.com/p-locate/-/p-locate-5.0.0.tgz. Extracting by manifest.
1879 silly tarball no local data for yallist@https://registry.npmmirror.com/yallist/-/yallist-3.1.1.tgz. Extracting by manifest.
1880 silly tarball no local data for prelude-ls@https://registry.npmmirror.com/prelude-ls/-/prelude-ls-1.2.1.tgz. Extracting by manifest.
1881 silly tarball no local data for type-check@https://registry.npmmirror.com/type-check/-/type-check-0.4.0.tgz. Extracting by manifest.
1882 silly tarball no local data for json-buffer@https://registry.npmmirror.com/json-buffer/-/json-buffer-3.0.1.tgz. Extracting by manifest.
1883 silly tarball no local data for is-extglob@https://registry.npmmirror.com/is-extglob/-/is-extglob-2.1.1.tgz. Extracting by manifest.
1884 silly tarball no local data for argparse@https://registry.npmmirror.com/argparse/-/argparse-2.0.1.tgz. Extracting by manifest.
1885 silly tarball no local data for resolve-from@https://registry.npmmirror.com/resolve-from/-/resolve-from-4.0.0.tgz. Extracting by manifest.
1886 silly tarball no local data for parent-module@https://registry.npmmirror.com/parent-module/-/parent-module-1.0.1.tgz. Extracting by manifest.
1887 silly tarball no local data for micromatch@https://registry.npmmirror.com/micromatch/-/micromatch-4.0.8.tgz. Extracting by manifest.
1888 silly tarball no local data for path-type@https://registry.npmmirror.com/path-type/-/path-type-4.0.0.tgz. Extracting by manifest.
1889 silly tarball no local data for fast-glob@https://registry.npmmirror.com/fast-glob/-/fast-glob-3.3.3.tgz. Extracting by manifest.
1890 silly tarball no local data for slash@https://registry.npmmirror.com/slash/-/slash-3.0.0.tgz. Extracting by manifest.
1891 silly tarball no local data for merge2@https://registry.npmmirror.com/merge2/-/merge2-1.4.1.tgz. Extracting by manifest.
1892 silly tarball no local data for dir-glob@https://registry.npmmirror.com/dir-glob/-/dir-glob-3.0.1.tgz. Extracting by manifest.
1893 silly tarball no local data for array-union@https://registry.npmmirror.com/array-union/-/array-union-2.1.0.tgz. Extracting by manifest.
1894 silly tarball no local data for math-intrinsics@https://registry.npmmirror.com/math-intrinsics/-/math-intrinsics-1.1.0.tgz. Extracting by manifest.
1895 silly tarball no local data for dunder-proto@https://registry.npmmirror.com/dunder-proto/-/dunder-proto-1.0.1.tgz. Extracting by manifest.
1896 silly tarball no local data for type-fest@https://registry.npmmirror.com/type-fest/-/type-fest-0.20.2.tgz. Extracting by manifest.
1897 silly tarball no local data for gopd@https://registry.npmmirror.com/gopd/-/gopd-1.2.0.tgz. Extracting by manifest.
1898 silly tarball no local data for get-proto@https://registry.npmmirror.com/get-proto/-/get-proto-1.0.1.tgz. Extracting by manifest.
1899 silly tarball no local data for has-symbols@https://registry.npmmirror.com/has-symbols/-/has-symbols-1.1.0.tgz. Extracting by manifest.
1900 silly tarball no local data for es-object-atoms@https://registry.npmmirror.com/es-object-atoms/-/es-object-atoms-1.1.1.tgz. Extracting by manifest.
1901 silly tarball no local data for function-bind@https://registry.npmmirror.com/function-bind/-/function-bind-1.1.2.tgz. Extracting by manifest.
1902 silly tarball no local data for es-define-property@https://registry.npmmirror.com/es-define-property/-/es-define-property-1.0.1.tgz. Extracting by manifest.
1903 silly tarball no local data for call-bind-apply-helpers@https://registry.npmmirror.com/call-bind-apply-helpers/-/call-bind-apply-helpers-1.0.2.tgz. Extracting by manifest.
1904 silly tarball no local data for has-tostringtag@https://registry.npmmirror.com/has-tostringtag/-/has-tostringtag-1.0.2.tgz. Extracting by manifest.
1905 silly tarball no local data for get-intrinsic@https://registry.npmmirror.com/get-intrinsic/-/get-intrinsic-1.3.0.tgz. Extracting by manifest.
1906 silly tarball no local data for es-errors@https://registry.npmmirror.com/es-errors/-/es-errors-1.3.0.tgz. Extracting by manifest.
1907 silly tarball no local data for mime-types@https://registry.npmmirror.com/mime-types/-/mime-types-2.1.35.tgz. Extracting by manifest.
1908 silly tarball no local data for delayed-stream@https://registry.npmmirror.com/delayed-stream/-/delayed-stream-1.0.0.tgz. Extracting by manifest.
1909 silly tarball no local data for hasown@https://registry.npmmirror.com/hasown/-/hasown-2.0.3.tgz. Extracting by manifest.
1910 silly tarball no local data for es-set-tostringtag@https://registry.npmmirror.com/es-set-tostringtag/-/es-set-tostringtag-2.1.0.tgz. Extracting by manifest.
1911 silly tarball no local data for combined-stream@https://registry.npmmirror.com/combined-stream/-/combined-stream-1.0.8.tgz. Extracting by manifest.
1912 silly tarball no local data for asynckit@https://registry.npmmirror.com/asynckit/-/asynckit-0.4.0.tgz. Extracting by manifest.
1913 silly tarball no local data for rimraf@https://registry.npmmirror.com/rimraf/-/rimraf-3.0.2.tgz. Extracting by manifest.
1914 silly tarball no local data for keyv@https://registry.npmmirror.com/keyv/-/keyv-4.5.4.tgz. Extracting by manifest.
1915 silly tarball no local data for flatted@https://registry.npmmirror.com/flatted/-/flatted-3.4.2.tgz. Extracting by manifest.
1916 silly tarball no local data for locate-path@https://registry.npmmirror.com/locate-path/-/locate-path-6.0.0.tgz. Extracting by manifest.
1917 silly tarball no local data for path-exists@https://registry.npmmirror.com/path-exists/-/path-exists-4.0.0.tgz. Extracting by manifest.
1918 silly tarball no local data for flat-cache@https://registry.npmmirror.com/flat-cache/-/flat-cache-3.2.0.tgz. Extracting by manifest.
1919 silly tarball no local data for reusify@https://registry.npmmirror.com/reusify/-/reusify-1.1.0.tgz. Extracting by manifest.
1920 silly tarball no local data for acorn-jsx@https://registry.npmmirror.com/acorn-jsx/-/acorn-jsx-5.3.2.tgz. Extracting by manifest.
1921 silly tarball no local data for acorn@https://registry.npmmirror.com/acorn/-/acorn-8.16.0.tgz. Extracting by manifest.
1922 silly tarball no local data for estraverse@https://registry.npmmirror.com/estraverse/-/estraverse-5.3.0.tgz. Extracting by manifest.
1923 silly tarball no local data for esrecurse@https://registry.npmmirror.com/esrecurse/-/esrecurse-4.3.0.tgz. Extracting by manifest.
1924 silly tarball no local data for which@https://registry.npmmirror.com/which/-/which-2.0.2.tgz. Extracting by manifest.
1925 silly tarball no local data for path-key@https://registry.npmmirror.com/path-key/-/path-key-3.1.1.tgz. Extracting by manifest.
1926 silly tarball no local data for shebang-command@https://registry.npmmirror.com/shebang-command/-/shebang-command-2.0.0.tgz. Extracting by manifest.
1927 silly tarball no local data for color-name@https://registry.npmmirror.com/color-name/-/color-name-1.1.4.tgz. Extracting by manifest.
1928 silly tarball no local data for jiti@https://registry.npmmirror.com/jiti/-/jiti-1.21.7.tgz. Extracting by manifest.
1929 silly tarball no local data for color-convert@https://registry.npmmirror.com/color-convert/-/color-convert-2.0.1.tgz. Extracting by manifest.
1930 silly tarball no local data for supports-color@https://registry.npmmirror.com/supports-color/-/supports-color-7.2.0.tgz. Extracting by manifest.
1931 silly tarball no local data for ansi-styles@https://registry.npmmirror.com/ansi-styles/-/ansi-styles-4.3.0.tgz. Extracting by manifest.
1932 silly tarball no local data for uri-js@https://registry.npmmirror.com/uri-js/-/uri-js-4.4.1.tgz. Extracting by manifest.
1933 silly tarball no local data for json-schema-traverse@https://registry.npmmirror.com/json-schema-traverse/-/json-schema-traverse-0.4.1.tgz. Extracting by manifest.
1934 silly tarball no local data for fast-json-stable-stringify@https://registry.npmmirror.com/fast-json-stable-stringify/-/fast-json-stable-stringify-2.1.0.tgz. Extracting by manifest.
1935 silly tarball no local data for run-parallel@https://registry.npmmirror.com/run-parallel/-/run-parallel-1.2.0.tgz. Extracting by manifest.
1936 silly tarball no local data for @nodelib/fs.stat@https://registry.npmmirror.com/@nodelib/fs.stat/-/fs.stat-2.0.5.tgz. Extracting by manifest.
1937 silly tarball no local data for fastq@https://registry.npmmirror.com/fastq/-/fastq-1.20.1.tgz. Extracting by manifest.
1938 silly tarball no local data for @nodelib/fs.scandir@https://registry.npmmirror.com/@nodelib/fs.scandir/-/fs.scandir-2.1.5.tgz. Extracting by manifest.
1939 silly tarball no local data for @humanwhocodes/object-schema@https://registry.npmmirror.com/@humanwhocodes/object-schema/-/object-schema-2.0.3.tgz. Extracting by manifest.
1940 silly tarball no local data for text-table@https://registry.npmmirror.com/text-table/-/text-table-0.2.0.tgz. Extracting by manifest.
1941 silly tarball no local data for import-fresh@https://registry.npmmirror.com/import-fresh/-/import-fresh-3.3.1.tgz. Extracting by manifest.
1942 silly tarball no local data for strip-ansi@https://registry.npmmirror.com/strip-ansi/-/strip-ansi-6.0.1.tgz. Extracting by manifest.
1943 silly tarball no local data for strip-json-comments@https://registry.npmmirror.com/strip-json-comments/-/strip-json-comments-3.1.1.tgz. Extracting by manifest.
1944 silly tarball no local data for optionator@https://registry.npmmirror.com/optionator/-/optionator-0.9.4.tgz. Extracting by manifest.
1945 silly tarball no local data for lodash.merge@https://registry.npmmirror.com/lodash.merge/-/lodash.merge-4.6.2.tgz. Extracting by manifest.
1946 silly tarball no local data for js-yaml@https://registry.npmmirror.com/js-yaml/-/js-yaml-4.1.1.tgz. Extracting by manifest.
1947 silly tarball no local data for is-path-inside@https://registry.npmmirror.com/is-path-inside/-/is-path-inside-3.0.3.tgz. Extracting by manifest.
1948 silly tarball no local data for json-stable-stringify-without-jsonify@https://registry.npmmirror.com/json-stable-stringify-without-jsonify/-/json-stable-stringify-without-jsonify-1.0.1.tgz. Extracting by manifest.
1949 silly tarball no local data for globals@https://registry.npmmirror.com/globals/-/globals-13.24.0.tgz. Extracting by manifest.
1950 silly tarball no local data for imurmurhash@https://registry.npmmirror.com/imurmurhash/-/imurmurhash-0.1.4.tgz. Extracting by manifest.
1951 silly tarball no local data for glob-parent@https://registry.npmmirror.com/glob-parent/-/glob-parent-6.0.2.tgz. Extracting by manifest.
1952 silly tarball no local data for find-up@https://registry.npmmirror.com/find-up/-/find-up-5.0.0.tgz. Extracting by manifest.
1953 silly tarball no local data for file-entry-cache@https://registry.npmmirror.com/file-entry-cache/-/file-entry-cache-6.0.1.tgz. Extracting by manifest.
1954 silly tarball no local data for esutils@https://registry.npmmirror.com/esutils/-/esutils-2.0.3.tgz. Extracting by manifest.
1955 silly tarball no local data for esquery@https://registry.npmmirror.com/esquery/-/esquery-1.7.0.tgz. Extracting by manifest.
1956 silly tarball no local data for eslint-scope@https://registry.npmmirror.com/eslint-scope/-/eslint-scope-7.2.2.tgz. Extracting by manifest.
1957 silly tarball no local data for escape-string-regexp@https://registry.npmmirror.com/escape-string-regexp/-/escape-string-regexp-4.0.0.tgz. Extracting by manifest.
1958 silly tarball no local data for levn@https://registry.npmmirror.com/levn/-/levn-0.4.1.tgz. Extracting by manifest.
1959 silly tarball no local data for espree@https://registry.npmmirror.com/espree/-/espree-9.6.1.tgz. Extracting by manifest.
1960 silly tarball no local data for chalk@https://registry.npmmirror.com/chalk/-/chalk-4.1.2.tgz. Extracting by manifest.
1961 silly tarball no local data for doctrine@https://registry.npmmirror.com/doctrine/-/doctrine-3.0.0.tgz. Extracting by manifest.
1962 silly tarball no local data for cross-spawn@https://registry.npmmirror.com/cross-spawn/-/cross-spawn-7.0.6.tgz. Extracting by manifest.
1963 silly tarball no local data for ajv@https://registry.npmmirror.com/ajv/-/ajv-6.14.0.tgz. Extracting by manifest.
1964 silly tarball no local data for @ungap/structured-clone@https://registry.npmmirror.com/@ungap/structured-clone/-/structured-clone-1.3.0.tgz. Extracting by manifest.
1965 silly tarball no local data for @humanwhocodes/module-importer@https://registry.npmmirror.com/@humanwhocodes/module-importer/-/module-importer-1.0.1.tgz. Extracting by manifest.
1966 silly tarball no local data for @humanwhocodes/config-array@https://registry.npmmirror.com/@humanwhocodes/config-array/-/config-array-0.13.0.tgz. Extracting by manifest.
1967 silly tarball no local data for @nodelib/fs.walk@https://registry.npmmirror.com/@nodelib/fs.walk/-/fs.walk-1.2.8.tgz. Extracting by manifest.
1968 silly tarball no local data for @eslint/js@https://registry.npmmirror.com/@eslint/js/-/js-8.57.1.tgz. Extracting by manifest.
1969 silly tarball no local data for @eslint/eslintrc@https://registry.npmmirror.com/@eslint/eslintrc/-/eslintrc-2.1.4.tgz. Extracting by manifest.
1970 silly tarball no local data for ms@https://registry.npmmirror.com/ms/-/ms-2.1.3.tgz. Extracting by manifest.
1971 silly tarball no local data for fast-deep-equal@https://registry.npmmirror.com/fast-deep-equal/-/fast-deep-equal-3.1.3.tgz. Extracting by manifest.
1972 silly tarball no local data for proxy-from-env@https://registry.npmmirror.com/proxy-from-env/-/proxy-from-env-2.1.0.tgz. Extracting by manifest.
1973 silly tarball no local data for baseline-browser-mapping@https://registry.npmmirror.com/baseline-browser-mapping/-/baseline-browser-mapping-2.10.21.tgz. Extracting by manifest.
1974 silly tarball no local data for electron-to-chromium@https://registry.npmmirror.com/electron-to-chromium/-/electron-to-chromium-1.5.344.tgz. Extracting by manifest.
1975 silly tarball no local data for form-data@https://registry.npmmirror.com/form-data/-/form-data-4.0.5.tgz. Extracting by manifest.
1976 silly tarball no local data for follow-redirects@https://registry.npmmirror.com/follow-redirects/-/follow-redirects-1.16.0.tgz. Extracting by manifest.
1977 silly tarball no local data for node-releases@https://registry.npmmirror.com/node-releases/-/node-releases-2.0.38.tgz. Extracting by manifest.
1978 silly tarball no local data for postcss-value-parser@https://registry.npmmirror.com/postcss-value-parser/-/postcss-value-parser-4.2.0.tgz. Extracting by manifest.
1979 silly tarball no local data for update-browserslist-db@https://registry.npmmirror.com/update-browserslist-db/-/update-browserslist-db-1.2.3.tgz. Extracting by manifest.
1980 silly tarball no local data for fraction.js@https://registry.npmmirror.com/fraction.js/-/fraction.js-5.3.4.tgz. Extracting by manifest.
1981 silly tarball no local data for @types/babel__traverse@https://registry.npmmirror.com/@types/babel__traverse/-/babel__traverse-7.28.0.tgz. Extracting by manifest.
1982 silly tarball no local data for @types/babel__template@https://registry.npmmirror.com/@types/babel__template/-/babel__template-7.4.4.tgz. Extracting by manifest.
1983 silly tarball no local data for caniuse-lite@https://registry.npmmirror.com/caniuse-lite/-/caniuse-lite-1.0.30001790.tgz. Extracting by manifest.
1984 silly tarball no local data for @jridgewell/resolve-uri@https://registry.npmmirror.com/@jridgewell/resolve-uri/-/resolve-uri-3.1.2.tgz. Extracting by manifest.
1985 silly tarball no local data for @jridgewell/sourcemap-codec@https://registry.npmmirror.com/@jridgewell/sourcemap-codec/-/sourcemap-codec-1.5.5.tgz. Extracting by manifest.
1986 silly tarball no local data for @babel/helper-string-parser@https://registry.npmmirror.com/@babel/helper-string-parser/-/helper-string-parser-7.27.1.tgz. Extracting by manifest.
1987 silly tarball no local data for @babel/helper-plugin-utils@https://registry.npmmirror.com/@babel/helper-plugin-utils/-/helper-plugin-utils-7.28.6.tgz. Extracting by manifest.
1988 silly tarball no local data for @babel/helper-module-imports@https://registry.npmmirror.com/@babel/helper-module-imports/-/helper-module-imports-7.28.6.tgz. Extracting by manifest.
1989 silly tarball no local data for @types/babel__generator@https://registry.npmmirror.com/@types/babel__generator/-/babel__generator-7.27.0.tgz. Extracting by manifest.
1990 silly tarball no local data for @babel/helper-globals@https://registry.npmmirror.com/@babel/helper-globals/-/helper-globals-7.28.0.tgz. Extracting by manifest.
1991 silly tarball no local data for browserslist@https://registry.npmmirror.com/browserslist/-/browserslist-4.28.2.tgz. Extracting by manifest.
1992 silly tarball no local data for @babel/compat-data@https://registry.npmmirror.com/@babel/compat-data/-/compat-data-7.29.0.tgz. Extracting by manifest.
1993 silly tarball no local data for @babel/helper-validator-option@https://registry.npmmirror.com/@babel/helper-validator-option/-/helper-validator-option-7.27.1.tgz. Extracting by manifest.
1994 silly tarball no local data for jsesc@https://registry.npmmirror.com/jsesc/-/jsesc-3.1.0.tgz. Extracting by manifest.
1995 silly tarball no local data for lru-cache@https://registry.npmmirror.com/lru-cache/-/lru-cache-5.1.1.tgz. Extracting by manifest.
1996 silly tarball no local data for @jridgewell/trace-mapping@https://registry.npmmirror.com/@jridgewell/trace-mapping/-/trace-mapping-0.3.31.tgz. Extracting by manifest.
1997 silly tarball no local data for js-tokens@https://registry.npmmirror.com/js-tokens/-/js-tokens-4.0.0.tgz. Extracting by manifest.
1998 silly tarball no local data for @babel/helper-validator-identifier@https://registry.npmmirror.com/@babel/helper-validator-identifier/-/helper-validator-identifier-7.28.5.tgz. Extracting by manifest.
1999 silly tarball no local data for @jridgewell/gen-mapping@https://registry.npmmirror.com/@jridgewell/gen-mapping/-/gen-mapping-0.3.13.tgz. Extracting by manifest.
2000 silly tarball no local data for picocolors@https://registry.npmmirror.com/picocolors/-/picocolors-1.1.1.tgz. Extracting by manifest.
2001 silly tarball no local data for @jridgewell/remapping@https://registry.npmmirror.com/@jridgewell/remapping/-/remapping-2.3.5.tgz. Extracting by manifest.
2002 silly tarball no local data for gensync@https://registry.npmmirror.com/gensync/-/gensync-1.0.0-beta.2.tgz. Extracting by manifest.
2003 silly tarball no local data for json5@https://registry.npmmirror.com/json5/-/json5-2.2.3.tgz. Extracting by manifest.
2004 silly tarball no local data for @babel/traverse@https://registry.npmmirror.com/@babel/traverse/-/traverse-7.29.0.tgz. Extracting by manifest.
2005 silly tarball no local data for @babel/parser@https://registry.npmmirror.com/@babel/parser/-/parser-7.29.2.tgz. Extracting by manifest.
2006 silly tarball no local data for @babel/helpers@https://registry.npmmirror.com/@babel/helpers/-/helpers-7.29.2.tgz. Extracting by manifest.
2007 silly tarball no local data for @babel/types@https://registry.npmmirror.com/@babel/types/-/types-7.29.0.tgz. Extracting by manifest.
2008 silly tarball no local data for @babel/helper-module-transforms@https://registry.npmmirror.com/@babel/helper-module-transforms/-/helper-module-transforms-7.28.6.tgz. Extracting by manifest.
2009 silly tarball no local data for convert-source-map@https://registry.npmmirror.com/convert-source-map/-/convert-source-map-2.0.0.tgz. Extracting by manifest.
2010 silly tarball no local data for @babel/helper-compilation-targets@https://registry.npmmirror.com/@babel/helper-compilation-targets/-/helper-compilation-targets-7.28.6.tgz. Extracting by manifest.
2011 silly tarball no local data for @babel/template@https://registry.npmmirror.com/@babel/template/-/template-7.28.6.tgz. Extracting by manifest.
2012 silly tarball no local data for react-refresh@https://registry.npmmirror.com/react-refresh/-/react-refresh-0.17.0.tgz. Extracting by manifest.
2013 silly tarball no local data for @types/babel__core@https://registry.npmmirror.com/@types/babel__core/-/babel__core-7.20.5.tgz. Extracting by manifest.
2014 silly tarball no local data for @rolldown/pluginutils@https://registry.npmmirror.com/@rolldown/pluginutils/-/pluginutils-1.0.0-beta.27.tgz. Extracting by manifest.
2015 silly tarball no local data for @babel/plugin-transform-react-jsx-self@https://registry.npmmirror.com/@babel/plugin-transform-react-jsx-self/-/plugin-transform-react-jsx-self-7.27.1.tgz. Extracting by manifest.
2016 silly tarball no local data for @babel/plugin-transform-react-jsx-source@https://registry.npmmirror.com/@babel/plugin-transform-react-jsx-source/-/plugin-transform-react-jsx-source-7.27.1.tgz. Extracting by manifest.
2017 silly tarball no local data for @babel/code-frame@https://registry.npmmirror.com/@babel/code-frame/-/code-frame-7.29.0.tgz. Extracting by manifest.
2018 silly tarball no local data for @types/json-schema@https://registry.npmmirror.com/@types/json-schema/-/json-schema-7.0.15.tgz. Extracting by manifest.
2019 silly tarball no local data for eslint-visitor-keys@https://registry.npmmirror.com/eslint-visitor-keys/-/eslint-visitor-keys-3.4.3.tgz. Extracting by manifest.
2020 silly tarball no local data for minimatch@https://registry.npmmirror.com/minimatch/-/minimatch-9.0.3.tgz. Extracting by manifest.
2021 silly tarball no local data for @babel/core@https://registry.npmmirror.com/@babel/core/-/core-7.29.0.tgz. Extracting by manifest.
2022 silly tarball no local data for @types/semver@https://registry.npmmirror.com/@types/semver/-/semver-7.7.1.tgz. Extracting by manifest.
2023 silly tarball no local data for @eslint-community/eslint-utils@https://registry.npmmirror.com/@eslint-community/eslint-utils/-/eslint-utils-4.9.1.tgz. Extracting by manifest.
2024 silly tarball no local data for is-glob@https://registry.npmmirror.com/is-glob/-/is-glob-4.0.3.tgz. Extracting by manifest.
2025 silly tarball no local data for @typescript-eslint/types@https://registry.npmmirror.com/@typescript-eslint/types/-/types-6.21.0.tgz. Extracting by manifest.
2026 silly tarball no local data for semver@https://registry.npmmirror.com/semver/-/semver-7.7.4.tgz. Extracting by manifest.
2027 silly tarball no local data for @babel/generator@https://registry.npmmirror.com/@babel/generator/-/generator-7.29.1.tgz. Extracting by manifest.
2028 silly tarball no local data for ts-api-utils@https://registry.npmmirror.com/ts-api-utils/-/ts-api-utils-1.4.3.tgz. Extracting by manifest.
2029 silly tarball no local data for natural-compare@https://registry.npmmirror.com/natural-compare/-/natural-compare-1.4.0.tgz. Extracting by manifest.
2030 silly tarball no local data for ignore@https://registry.npmmirror.com/ignore/-/ignore-5.3.2.tgz. Extracting by manifest.
2031 silly tarball no local data for debug@https://registry.npmmirror.com/debug/-/debug-4.4.3.tgz. Extracting by manifest.
2032 silly tarball no local data for graphemer@https://registry.npmmirror.com/graphemer/-/graphemer-1.4.0.tgz. Extracting by manifest.
2033 silly tarball no local data for @typescript-eslint/visitor-keys@https://registry.npmmirror.com/@typescript-eslint/visitor-keys/-/visitor-keys-6.21.0.tgz. Extracting by manifest.
2034 silly tarball no local data for @typescript-eslint/utils@https://registry.npmmirror.com/@typescript-eslint/utils/-/utils-6.21.0.tgz. Extracting by manifest.
2035 silly tarball no local data for @eslint-community/regexpp@https://registry.npmmirror.com/@eslint-community/regexpp/-/regexpp-4.12.2.tgz. Extracting by manifest.
2036 silly tarball no local data for @typescript-eslint/scope-manager@https://registry.npmmirror.com/@typescript-eslint/scope-manager/-/scope-manager-6.21.0.tgz. Extracting by manifest.
2037 silly tarball no local data for csstype@https://registry.npmmirror.com/csstype/-/csstype-3.2.3.tgz. Extracting by manifest.
2038 silly tarball no local data for @typescript-eslint/type-utils@https://registry.npmmirror.com/@typescript-eslint/type-utils/-/type-utils-6.21.0.tgz. Extracting by manifest.
2039 silly tarball no local data for @types/prop-types@https://registry.npmmirror.com/@types/prop-types/-/prop-types-15.7.15.tgz. Extracting by manifest.
2040 silly tarball no local data for @tanstack/query-core@https://registry.npmmirror.com/@tanstack/query-core/-/query-core-5.99.2.tgz. Extracting by manifest.
2041 silly tarball no local data for typescript@https://registry.npmmirror.com/typescript/-/typescript-5.9.3.tgz. Extracting by manifest.
2042 silly tarball no local data for tailwindcss@https://registry.npmmirror.com/tailwindcss/-/tailwindcss-3.4.19.tgz. Extracting by manifest.
2043 silly tarball no local data for vite@https://registry.npmmirror.com/vite/-/vite-5.4.21.tgz. Extracting by manifest.
2044 silly tarball no local data for zustand@https://registry.npmmirror.com/zustand/-/zustand-4.5.7.tgz. Extracting by manifest.
2045 silly tarball no local data for react-router-dom@https://registry.npmmirror.com/react-router-dom/-/react-router-dom-6.30.3.tgz. Extracting by manifest.
2046 silly tarball no local data for react-dom@https://registry.npmmirror.com/react-dom/-/react-dom-18.3.1.tgz. Extracting by manifest.
2047 silly tarball no local data for tailwind-merge@https://registry.npmmirror.com/tailwind-merge/-/tailwind-merge-2.6.1.tgz. Extracting by manifest.
2048 silly tarball no local data for postcss@https://registry.npmmirror.com/postcss/-/postcss-8.5.10.tgz. Extracting by manifest.
2049 silly tarball no local data for react@https://registry.npmmirror.com/react/-/react-18.3.1.tgz. Extracting by manifest.
2050 silly tarball no local data for globby@https://registry.npmmirror.com/globby/-/globby-11.1.0.tgz. Extracting by manifest.
2051 silly tarball no local data for eslint-plugin-react-hooks@https://registry.npmmirror.com/eslint-plugin-react-hooks/-/eslint-plugin-react-hooks-4.6.2.tgz. Extracting by manifest.
2052 silly tarball no local data for eslint-plugin-react-refresh@https://registry.npmmirror.com/eslint-plugin-react-refresh/-/eslint-plugin-react-refresh-0.4.26.tgz. Extracting by manifest.
2053 silly tarball no local data for lucide-react@https://registry.npmmirror.com/lucide-react/-/lucide-react-0.294.0.tgz. Extracting by manifest.
2054 silly tarball no local data for eslint@https://registry.npmmirror.com/eslint/-/eslint-8.57.1.tgz. Extracting by manifest.
2055 silly tarball no local data for @vitejs/plugin-react@https://registry.npmmirror.com/@vitejs/plugin-react/-/plugin-react-4.7.0.tgz. Extracting by manifest.
2056 silly tarball no local data for axios@https://registry.npmmirror.com/axios/-/axios-1.15.2.tgz. Extracting by manifest.
2057 silly tarball no local data for autoprefixer@https://registry.npmmirror.com/autoprefixer/-/autoprefixer-10.5.0.tgz. Extracting by manifest.
2058 silly tarball no local data for clsx@https://registry.npmmirror.com/clsx/-/clsx-2.1.1.tgz. Extracting by manifest.
2059 silly tarball no local data for @typescript-eslint/parser@https://registry.npmmirror.com/@typescript-eslint/parser/-/parser-6.21.0.tgz. Extracting by manifest.
2060 silly tarball no local data for @typescript-eslint/eslint-plugin@https://registry.npmmirror.com/@typescript-eslint/eslint-plugin/-/eslint-plugin-6.21.0.tgz. Extracting by manifest.
2061 silly tarball no local data for @types/react-dom@https://registry.npmmirror.com/@types/react-dom/-/react-dom-18.3.7.tgz. Extracting by manifest.
2062 silly tarball no local data for picomatch@https://registry.npmmirror.com/picomatch/-/picomatch-4.0.4.tgz. Extracting by manifest.
2063 silly tarball no local data for @types/react@https://registry.npmmirror.com/@types/react/-/react-18.3.28.tgz. Extracting by manifest.
2064 silly tarball no local data for glob-parent@https://registry.npmmirror.com/glob-parent/-/glob-parent-5.1.2.tgz. Extracting by manifest.
2065 silly tarball no local data for @tanstack/react-query@https://registry.npmmirror.com/@tanstack/react-query/-/react-query-5.99.2.tgz. Extracting by manifest.
2066 silly tarball no local data for brace-expansion@https://registry.npmmirror.com/brace-expansion/-/brace-expansion-1.1.14.tgz. Extracting by manifest.
2067 silly tarball no local data for minimatch@https://registry.npmmirror.com/minimatch/-/minimatch-3.1.5.tgz. Extracting by manifest.
2068 silly tarball no local data for brace-expansion@https://registry.npmmirror.com/brace-expansion/-/brace-expansion-1.1.14.tgz. Extracting by manifest.
2069 silly tarball no local data for brace-expansion@https://registry.npmmirror.com/brace-expansion/-/brace-expansion-1.1.14.tgz. Extracting by manifest.
2070 silly tarball no local data for @typescript-eslint/typescript-estree@https://registry.npmmirror.com/@typescript-eslint/typescript-estree/-/typescript-estree-6.21.0.tgz. Extracting by manifest.
2071 silly tarball no local data for minimatch@https://registry.npmmirror.com/minimatch/-/minimatch-3.1.5.tgz. Extracting by manifest.
2072 silly tarball no local data for semver@https://registry.npmmirror.com/semver/-/semver-6.3.1.tgz. Extracting by manifest.
2073 silly tarball no local data for minimatch@https://registry.npmmirror.com/minimatch/-/minimatch-3.1.5.tgz. Extracting by manifest.
2074 silly tarball no local data for glob-parent@https://registry.npmmirror.com/glob-parent/-/glob-parent-5.1.2.tgz. Extracting by manifest.
2075 silly tarball no local data for semver@https://registry.npmmirror.com/semver/-/semver-6.3.1.tgz. Extracting by manifest.
2076 silly tarball no local data for brace-expansion@https://registry.npmmirror.com/brace-expansion/-/brace-expansion-1.1.14.tgz. Extracting by manifest.
2077 silly tarball no local data for minimatch@https://registry.npmmirror.com/minimatch/-/minimatch-3.1.5.tgz. Extracting by manifest.
2078 http fetch POST 404 https://registry.npmmirror.com/-/npm/v1/security/advisories/bulk 189ms
2079 silly audit bulk request failed [object Object]
2080 http fetch GET 200 https://cdn.npmmirror.com/packages/%40types/estree/1.0.8/estree-1.0.8.tgz 531ms (cache miss)
2081 http fetch GET 200 https://cdn.npmmirror.com/packages/concat-map/0.0.1/concat-map-0.0.1.tgz 532ms (cache miss)
2082 http fetch GET 200 https://cdn.npmmirror.com/packages/punycode/2.3.1/punycode-2.3.1.tgz 532ms (cache miss)
2083 http fetch GET 200 https://cdn.npmmirror.com/packages/use-sync-external-store/1.6.0/use-sync-external-store-1.6.0.tgz 541ms (cache miss)
2084 http fetch GET 200 https://cdn.npmmirror.com/packages/fdir/6.5.0/fdir-6.5.0.tgz 538ms (cache miss)
2085 http fetch GET 200 https://cdn.npmmirror.com/packages/ts-interface-checker/0.1.13/ts-interface-checker-0.1.13.tgz 538ms (cache miss)
2086 http fetch GET 200 https://cdn.npmmirror.com/packages/thenify/3.3.1/thenify-3.3.1.tgz 544ms (cache miss)
2087 http fetch GET 200 https://cdn.npmmirror.com/packages/supports-preserve-symlinks-flag/1.0.0/supports-preserve-symlinks-flag-1.0.0.tgz 545ms (cache miss)
2088 http fetch GET 200 https://cdn.npmmirror.com/packages/mz/2.7.0/mz-2.7.0.tgz 549ms (cache miss)
2089 http fetch GET 200 https://cdn.npmmirror.com/packages/escalade/3.2.0/escalade-3.2.0.tgz 553ms (cache miss)
2090 http fetch GET 200 https://cdn.npmmirror.com/packages/object-assign/4.1.1/object-assign-4.1.1.tgz 556ms (cache miss)
2091 http fetch GET 200 https://cdn.npmmirror.com/packages/lines-and-columns/1.2.4/lines-and-columns-1.2.4.tgz 559ms (cache miss)
2092 http fetch GET 200 https://cdn.npmmirror.com/packages/is-number/7.0.0/is-number-7.0.0.tgz 570ms (cache miss)
2093 http fetch GET 200 https://cdn.npmmirror.com/packages/tinyglobby/0.2.16/tinyglobby-0.2.16.tgz 571ms (cache miss)
2094 http fetch GET 200 https://cdn.npmmirror.com/packages/is-core-module/2.16.1/is-core-module-2.16.1.tgz 571ms (cache miss)
2095 http fetch GET 200 https://cdn.npmmirror.com/packages/esbuild/0.21.5/esbuild-0.21.5.tgz 580ms (cache miss)
2096 http fetch GET 200 https://cdn.npmmirror.com/packages/isexe/2.0.0/isexe-2.0.0.tgz 578ms (cache miss)
2097 http fetch GET 200 https://cdn.npmmirror.com/packages/thenify-all/1.6.0/thenify-all-1.6.0.tgz 578ms (cache miss)
2098 http fetch GET 200 https://cdn.npmmirror.com/packages/pify/2.3.0/pify-2.3.0.tgz 574ms (cache miss)
2099 http fetch GET 200 https://cdn.npmmirror.com/packages/path-parse/1.0.7/path-parse-1.0.7.tgz 575ms (cache miss)
2100 http fetch GET 200 https://cdn.npmmirror.com/packages/any-promise/1.3.0/any-promise-1.3.0.tgz 576ms (cache miss)
2101 http fetch GET 200 https://cdn.npmmirror.com/packages/read-cache/1.0.0/read-cache-1.0.0.tgz 574ms (cache miss)
2102 http fetch GET 200 https://cdn.npmmirror.com/packages/camelcase-css/2.0.1/camelcase-css-2.0.1.tgz 575ms (cache miss)
2103 http fetch GET 200 https://cdn.npmmirror.com/packages/binary-extensions/2.3.0/binary-extensions-2.3.0.tgz 578ms (cache miss)
2104 http fetch GET 200 https://cdn.npmmirror.com/packages/util-deprecate/1.0.2/util-deprecate-1.0.2.tgz 582ms (cache miss)
2105 http fetch GET 200 https://cdn.npmmirror.com/packages/commander/4.1.1/commander-4.1.1.tgz 584ms (cache miss)
2106 http fetch GET 200 https://cdn.npmmirror.com/packages/cssesc/3.0.0/cssesc-3.0.0.tgz 585ms (cache miss)
2107 http fetch GET 200 https://cdn.npmmirror.com/packages/anymatch/3.1.3/anymatch-3.1.3.tgz 586ms (cache miss)
2108 http fetch GET 200 https://cdn.npmmirror.com/packages/postcss-nested/6.2.0/postcss-nested-6.2.0.tgz 592ms (cache miss)
2109 http fetch GET 200 https://cdn.npmmirror.com/packages/fsevents/2.3.3/fsevents-2.3.3.tgz 610ms (cache miss)
2110 http fetch GET 200 https://cdn.npmmirror.com/packages/postcss-load-config/6.0.1/postcss-load-config-6.0.1.tgz 610ms (cache miss)
2111 http fetch GET 200 https://cdn.npmmirror.com/packages/pirates/4.0.7/pirates-4.0.7.tgz 632ms (cache miss)
2112 http fetch GET 200 https://cdn.npmmirror.com/packages/is-binary-path/2.1.0/is-binary-path-2.1.0.tgz 657ms (cache miss)
2113 http fetch GET 200 https://cdn.npmmirror.com/packages/readdirp/3.6.0/readdirp-3.6.0.tgz 664ms (cache miss)
2114 http fetch GET 200 https://cdn.npmmirror.com/packages/object-hash/3.0.0/object-hash-3.0.0.tgz 658ms (cache miss)
2115 http fetch GET 200 https://cdn.npmmirror.com/packages/lilconfig/3.1.3/lilconfig-3.1.3.tgz 658ms (cache miss)
2116 http fetch GET 200 https://cdn.npmmirror.com/packages/resolve/1.22.12/resolve-1.22.12.tgz 687ms (cache miss)
2117 http fetch GET 200 https://cdn.npmmirror.com/packages/postcss-js/4.1.0/postcss-js-4.1.0.tgz 687ms (cache miss)
2118 http fetch GET 200 https://cdn.npmmirror.com/packages/arg/5.0.2/arg-5.0.2.tgz 686ms (cache miss)
2119 http fetch GET 200 https://cdn.npmmirror.com/packages/has-flag/4.0.0/has-flag-4.0.0.tgz 686ms (cache miss)
2120 http fetch GET 200 https://cdn.npmmirror.com/packages/shebang-regex/3.0.0/shebang-regex-3.0.0.tgz 687ms (cache miss)
2121 http fetch GET 200 https://cdn.npmmirror.com/packages/postcss-import/15.1.0/postcss-import-15.1.0.tgz 691ms (cache miss)
2122 http fetch GET 200 https://cdn.npmmirror.com/packages/inherits/2.0.4/inherits-2.0.4.tgz 699ms (cache miss)
2123 http fetch GET 200 https://cdn.npmmirror.com/packages/normalize-path/3.0.0/normalize-path-3.0.0.tgz 719ms (cache miss)
2124 http fetch GET 200 https://cdn.npmmirror.com/packages/%40alloc/quick-lru/5.2.0/quick-lru-5.2.0.tgz 725ms (cache miss)
2125 http fetch GET 200 https://cdn.npmmirror.com/packages/didyoumean/1.2.2/didyoumean-1.2.2.tgz 731ms (cache miss)
2126 http fetch GET 200 https://cdn.npmmirror.com/packages/chokidar/3.6.0/chokidar-3.6.0.tgz 736ms (cache miss)
2127 http fetch GET 200 https://cdn.npmmirror.com/packages/inflight/1.0.6/inflight-1.0.6.tgz 751ms (cache miss)
2128 warn deprecated inflight@1.0.6: This module is not supported, and leaks memory. Do not use it. Check out lru-cache if you want a good and tested way to coalesce async requests by a key value, which is much more comprehensive and powerful.
2129 http fetch GET 200 https://cdn.npmmirror.com/packages/fs.realpath/1.0.0/fs.realpath-1.0.0.tgz 751ms (cache miss)
2130 http fetch GET 200 https://cdn.npmmirror.com/packages/postcss-selector-parser/6.1.2/postcss-selector-parser-6.1.2.tgz 766ms (cache miss)
2131 http fetch GET 200 https://cdn.npmmirror.com/packages/queue-microtask/1.2.3/queue-microtask-1.2.3.tgz 800ms (cache miss)
2132 http fetch GET 200 https://cdn.npmmirror.com/packages/scheduler/0.23.2/scheduler-0.23.2.tgz 795ms (cache miss)
2133 http fetch GET 200 https://cdn.npmmirror.com/packages/loose-envify/1.4.0/loose-envify-1.4.0.tgz 818ms (cache miss)
2134 http fetch GET 200 https://cdn.npmmirror.com/packages/deep-is/0.1.4/deep-is-0.1.4.tgz 837ms (cache miss)
2135 http fetch GET 200 https://cdn.npmmirror.com/packages/ansi-regex/5.0.1/ansi-regex-5.0.1.tgz 855ms (cache miss)
2136 http fetch GET 200 https://cdn.npmmirror.com/packages/wrappy/1.0.2/wrappy-1.0.2.tgz 854ms (cache miss)
2137 http fetch GET 200 https://cdn.npmmirror.com/packages/sucrase/3.35.1/sucrase-3.35.1.tgz 866ms (cache miss)
2138 http fetch GET 200 https://cdn.npmmirror.com/packages/nanoid/3.3.11/nanoid-3.3.11.tgz 864ms (cache miss)
2139 http fetch GET 200 https://cdn.npmmirror.com/packages/fast-levenshtein/2.0.6/fast-levenshtein-2.0.6.tgz 872ms (cache miss)
2140 http fetch GET 200 https://cdn.npmmirror.com/packages/dlv/1.1.3/dlv-1.1.3.tgz 885ms (cache miss)
2141 http fetch GET 200 https://cdn.npmmirror.com/packages/callsites/3.1.0/callsites-3.1.0.tgz 878ms (cache miss)
2142 http fetch GET 200 https://cdn.npmmirror.com/packages/brace-expansion/2.1.0/brace-expansion-2.1.0.tgz 880ms (cache miss)
2143 http fetch GET 200 https://cdn.npmmirror.com/packages/to-regex-range/5.0.1/to-regex-range-5.0.1.tgz 896ms (cache miss)
2144 http fetch GET 200 https://cdn.npmmirror.com/packages/path-is-absolute/1.0.1/path-is-absolute-1.0.1.tgz 927ms (cache miss)
2145 http fetch GET 200 https://cdn.npmmirror.com/packages/glob/7.2.3/glob-7.2.3.tgz 931ms (cache miss)
2146 warn deprecated glob@7.2.3: Glob versions prior to v9 are no longer supported
2147 http fetch GET 200 https://cdn.npmmirror.com/packages/source-map-js/1.2.1/source-map-js-1.2.1.tgz 931ms (cache miss)
2148 http fetch GET 200 https://cdn.npmmirror.com/packages/p-locate/5.0.0/p-locate-5.0.0.tgz 931ms (cache miss)
2149 http fetch GET 200 https://cdn.npmmirror.com/packages/balanced-match/1.0.2/balanced-match-1.0.2.tgz 947ms (cache miss)
2150 http fetch GET 200 https://cdn.npmmirror.com/packages/picomatch/2.3.2/picomatch-2.3.2.tgz 965ms (cache miss)
2151 http fetch GET 200 https://cdn.npmmirror.com/packages/prelude-ls/1.2.1/prelude-ls-1.2.1.tgz 975ms (cache miss)
2152 http fetch GET 200 https://cdn.npmmirror.com/packages/is-extglob/2.1.1/is-extglob-2.1.1.tgz 975ms (cache miss)
2153 http fetch GET 200 https://cdn.npmmirror.com/packages/yallist/3.1.1/yallist-3.1.1.tgz 983ms (cache miss)
2154 http fetch GET 200 https://cdn.npmmirror.com/packages/resolve-from/4.0.0/resolve-from-4.0.0.tgz 1008ms (cache miss)
2155 http fetch GET 200 https://cdn.npmmirror.com/packages/word-wrap/1.2.5/word-wrap-1.2.5.tgz 1023ms (cache miss)
2156 http fetch GET 200 https://cdn.npmmirror.com/packages/json-buffer/3.0.1/json-buffer-3.0.1.tgz 1020ms (cache miss)
2157 http fetch GET 200 https://cdn.npmmirror.com/packages/slash/3.0.0/slash-3.0.0.tgz 1042ms (cache miss)
2158 http fetch GET 200 https://cdn.npmmirror.com/packages/p-limit/3.1.0/p-limit-3.1.0.tgz 1052ms (cache miss)
2159 http fetch GET 200 https://cdn.npmmirror.com/packages/once/1.4.0/once-1.4.0.tgz 1062ms (cache miss)
2160 http fetch GET 200 https://cdn.npmmirror.com/packages/yocto-queue/0.1.0/yocto-queue-0.1.0.tgz 1065ms (cache miss)
2161 http fetch GET 200 https://cdn.npmmirror.com/packages/dir-glob/3.0.1/dir-glob-3.0.1.tgz 1086ms (cache miss)
2162 http fetch GET 200 https://cdn.npmmirror.com/packages/micromatch/4.0.8/micromatch-4.0.8.tgz 1157ms (cache miss)
2163 http fetch GET 200 https://cdn.npmmirror.com/packages/braces/3.0.3/braces-3.0.3.tgz 1163ms (cache miss)
2164 http fetch GET 200 https://cdn.npmmirror.com/packages/math-intrinsics/1.1.0/math-intrinsics-1.1.0.tgz 1156ms (cache miss)
2165 http fetch GET 200 https://cdn.npmmirror.com/packages/fill-range/7.1.1/fill-range-7.1.1.tgz 1163ms (cache miss)
2166 http fetch GET 200 https://cdn.npmmirror.com/packages/path-type/4.0.0/path-type-4.0.0.tgz 1162ms (cache miss)
2167 http fetch GET 200 https://cdn.npmmirror.com/packages/fast-glob/3.3.3/fast-glob-3.3.3.tgz 1173ms (cache miss)
2168 http fetch GET 200 https://cdn.npmmirror.com/packages/react-router/6.30.3/react-router-6.30.3.tgz 1181ms (cache miss)
2169 http fetch GET 200 https://cdn.npmmirror.com/packages/array-union/2.1.0/array-union-2.1.0.tgz 1173ms (cache miss)
2170 http fetch GET 200 https://cdn.npmmirror.com/packages/parent-module/1.0.1/parent-module-1.0.1.tgz 1182ms (cache miss)
2171 http fetch GET 200 https://cdn.npmmirror.com/packages/type-fest/0.20.2/type-fest-0.20.2.tgz 1192ms (cache miss)
2172 http fetch GET 200 https://cdn.npmmirror.com/packages/es-object-atoms/1.1.1/es-object-atoms-1.1.1.tgz 1192ms (cache miss)
2173 http fetch GET 200 https://cdn.npmmirror.com/packages/call-bind-apply-helpers/1.0.2/call-bind-apply-helpers-1.0.2.tgz 1192ms (cache miss)
2174 http fetch GET 200 https://cdn.npmmirror.com/packages/type-check/0.4.0/type-check-0.4.0.tgz 1224ms (cache miss)
2175 http fetch GET 200 https://cdn.npmmirror.com/packages/gopd/1.2.0/gopd-1.2.0.tgz 1225ms (cache miss)
2176 http fetch GET 200 https://cdn.npmmirror.com/packages/has-tostringtag/1.0.2/has-tostringtag-1.0.2.tgz 1225ms (cache miss)
2177 http fetch GET 200 https://cdn.npmmirror.com/packages/mime-types/2.1.35/mime-types-2.1.35.tgz 1258ms (cache miss)
2178 http fetch GET 200 https://cdn.npmmirror.com/packages/hasown/2.0.3/hasown-2.0.3.tgz 1259ms (cache miss)
2179 http fetch GET 200 https://cdn.npmmirror.com/packages/get-intrinsic/1.3.0/get-intrinsic-1.3.0.tgz 1261ms (cache miss)
2180 http fetch GET 200 https://cdn.npmmirror.com/packages/es-set-tostringtag/2.1.0/es-set-tostringtag-2.1.0.tgz 1261ms (cache miss)
2181 http fetch GET 200 https://cdn.npmmirror.com/packages/argparse/2.0.1/argparse-2.0.1.tgz 1276ms (cache miss)
2182 http fetch GET 200 https://cdn.npmmirror.com/packages/es-errors/1.3.0/es-errors-1.3.0.tgz 1278ms (cache miss)
2183 http fetch GET 200 https://cdn.npmmirror.com/packages/merge2/1.4.1/merge2-1.4.1.tgz 1290ms (cache miss)
2184 http fetch GET 200 https://cdn.npmmirror.com/packages/delayed-stream/1.0.0/delayed-stream-1.0.0.tgz 1286ms (cache miss)
2185 http fetch GET 200 https://cdn.npmmirror.com/packages/rimraf/3.0.2/rimraf-3.0.2.tgz 1285ms (cache miss)
2186 warn deprecated rimraf@3.0.2: Rimraf versions prior to v4 are no longer supported
2187 http fetch GET 200 https://cdn.npmmirror.com/packages/flatted/3.4.2/flatted-3.4.2.tgz 1297ms (cache miss)
2188 http fetch GET 200 https://cdn.npmmirror.com/packages/path-exists/4.0.0/path-exists-4.0.0.tgz 1302ms (cache miss)
2189 http fetch GET 200 https://cdn.npmmirror.com/packages/keyv/4.5.4/keyv-4.5.4.tgz 1308ms (cache miss)
2190 http fetch GET 200 https://cdn.npmmirror.com/packages/combined-stream/1.0.8/combined-stream-1.0.8.tgz 1324ms (cache miss)
2191 http fetch GET 200 https://cdn.npmmirror.com/packages/flat-cache/3.2.0/flat-cache-3.2.0.tgz 1323ms (cache miss)
2192 http fetch GET 200 https://cdn.npmmirror.com/packages/dunder-proto/1.0.1/dunder-proto-1.0.1.tgz 1434ms (cache miss)
2193 http fetch GET 200 https://cdn.npmmirror.com/packages/acorn-jsx/5.3.2/acorn-jsx-5.3.2.tgz 1431ms (cache miss)
2194 http fetch GET 200 https://cdn.npmmirror.com/packages/%40rollup/rollup-darwin-arm64/4.60.2/rollup-darwin-arm64-4.60.2.tgz 1485ms (cache miss)
2195 http fetch GET 200 https://cdn.npmmirror.com/packages/which/2.0.2/which-2.0.2.tgz 1448ms (cache miss)
2196 http fetch GET 200 https://cdn.npmmirror.com/packages/es-define-property/1.0.1/es-define-property-1.0.1.tgz 1460ms (cache miss)
2197 http fetch GET 200 https://cdn.npmmirror.com/packages/function-bind/1.1.2/function-bind-1.1.2.tgz 1462ms (cache miss)
2198 http fetch GET 200 https://cdn.npmmirror.com/packages/get-proto/1.0.1/get-proto-1.0.1.tgz 1462ms (cache miss)
2199 http fetch GET 200 https://cdn.npmmirror.com/packages/shebang-command/2.0.0/shebang-command-2.0.0.tgz 1454ms (cache miss)
2200 http fetch GET 200 https://cdn.npmmirror.com/packages/esrecurse/4.3.0/esrecurse-4.3.0.tgz 1454ms (cache miss)
2201 http fetch GET 200 https://cdn.npmmirror.com/packages/color-name/1.1.4/color-name-1.1.4.tgz 1453ms (cache miss)
2202 http fetch GET 200 https://cdn.npmmirror.com/packages/path-key/3.1.1/path-key-3.1.1.tgz 1455ms (cache miss)
2203 http fetch GET 200 https://cdn.npmmirror.com/packages/mime-db/1.52.0/mime-db-1.52.0.tgz 1472ms (cache miss)
2204 http fetch GET 200 https://cdn.npmmirror.com/packages/ansi-styles/4.3.0/ansi-styles-4.3.0.tgz 1455ms (cache miss)
2205 http fetch GET 200 https://cdn.npmmirror.com/packages/estraverse/5.3.0/estraverse-5.3.0.tgz 1457ms (cache miss)
2206 http fetch GET 200 https://cdn.npmmirror.com/packages/reusify/1.1.0/reusify-1.1.0.tgz 1460ms (cache miss)
2207 http fetch GET 200 https://cdn.npmmirror.com/packages/has-symbols/1.1.0/has-symbols-1.1.0.tgz 1468ms (cache miss)
2208 http fetch GET 200 https://cdn.npmmirror.com/packages/run-parallel/1.2.0/run-parallel-1.2.0.tgz 1458ms (cache miss)
2209 http fetch GET 200 https://cdn.npmmirror.com/packages/color-convert/2.0.1/color-convert-2.0.1.tgz 1463ms (cache miss)
2210 http fetch GET 200 https://cdn.npmmirror.com/packages/json-schema-traverse/0.4.1/json-schema-traverse-0.4.1.tgz 1467ms (cache miss)
2211 http fetch GET 200 https://cdn.npmmirror.com/packages/%40nodelib/fs.stat/2.0.5/fs.stat-2.0.5.tgz 1472ms (cache miss)
2212 http fetch GET 200 https://cdn.npmmirror.com/packages/%40nodelib/fs.scandir/2.1.5/fs.scandir-2.1.5.tgz 1480ms (cache miss)
2213 http fetch GET 200 https://cdn.npmmirror.com/packages/%40remix-run/router/1.23.2/router-1.23.2.tgz 1510ms (cache miss)
2214 http fetch GET 200 https://cdn.npmmirror.com/packages/%40humanwhocodes/object-schema/2.0.3/object-schema-2.0.3.tgz 1492ms (cache miss)
2215 warn deprecated @humanwhocodes/object-schema@2.0.3: Use @eslint/object-schema instead
2216 http fetch GET 200 https://cdn.npmmirror.com/packages/locate-path/6.0.0/locate-path-6.0.0.tgz 1506ms (cache miss)
2217 http fetch GET 200 https://cdn.npmmirror.com/packages/text-table/0.2.0/text-table-0.2.0.tgz 1504ms (cache miss)
2218 http fetch GET 200 https://cdn.npmmirror.com/packages/asynckit/0.4.0/asynckit-0.4.0.tgz 1516ms (cache miss)
2219 http fetch GET 200 https://cdn.npmmirror.com/packages/fastq/1.20.1/fastq-1.20.1.tgz 1517ms (cache miss)
2220 http fetch GET 200 https://cdn.npmmirror.com/packages/strip-ansi/6.0.1/strip-ansi-6.0.1.tgz 1530ms (cache miss)
2221 http fetch GET 200 https://cdn.npmmirror.com/packages/optionator/0.9.4/optionator-0.9.4.tgz 1531ms (cache miss)
2222 http fetch GET 200 https://cdn.npmmirror.com/packages/fast-json-stable-stringify/2.1.0/fast-json-stable-stringify-2.1.0.tgz 1545ms (cache miss)
2223 http fetch GET 200 https://cdn.npmmirror.com/packages/acorn/8.16.0/acorn-8.16.0.tgz 1550ms (cache miss)
2224 http fetch GET 200 https://cdn.npmmirror.com/packages/strip-json-comments/3.1.1/strip-json-comments-3.1.1.tgz 1572ms (cache miss)
2225 http fetch GET 200 https://cdn.npmmirror.com/packages/lodash.merge/4.6.2/lodash.merge-4.6.2.tgz 1573ms (cache miss)
2226 http fetch GET 200 https://cdn.npmmirror.com/packages/globals/13.24.0/globals-13.24.0.tgz 1573ms (cache miss)
2227 http fetch GET 200 https://cdn.npmmirror.com/packages/glob-parent/6.0.2/glob-parent-6.0.2.tgz 1570ms (cache miss)
2228 http fetch GET 200 https://cdn.npmmirror.com/packages/is-path-inside/3.0.3/is-path-inside-3.0.3.tgz 1620ms (cache miss)
2229 http fetch GET 200 https://cdn.npmmirror.com/packages/uri-js/4.4.1/uri-js-4.4.1.tgz 1628ms (cache miss)
2230 http fetch GET 200 https://cdn.npmmirror.com/packages/cross-spawn/7.0.6/cross-spawn-7.0.6.tgz 1638ms (cache miss)
2231 http fetch GET 200 https://cdn.npmmirror.com/packages/eslint-scope/7.2.2/eslint-scope-7.2.2.tgz 1642ms (cache miss)
2232 http fetch GET 200 https://cdn.npmmirror.com/packages/levn/0.4.1/levn-0.4.1.tgz 1641ms (cache miss)
2233 http fetch GET 200 https://cdn.npmmirror.com/packages/esutils/2.0.3/esutils-2.0.3.tgz 1643ms (cache miss)
2234 http fetch GET 200 https://cdn.npmmirror.com/packages/espree/9.6.1/espree-9.6.1.tgz 1645ms (cache miss)
2235 http fetch GET 200 https://cdn.npmmirror.com/packages/imurmurhash/0.1.4/imurmurhash-0.1.4.tgz 1652ms (cache miss)
2236 http fetch GET 200 https://cdn.npmmirror.com/packages/supports-color/7.2.0/supports-color-7.2.0.tgz 1658ms (cache miss)
2237 http fetch GET 200 https://cdn.npmmirror.com/packages/%40humanwhocodes/module-importer/1.0.1/module-importer-1.0.1.tgz 1653ms (cache miss)
2238 http fetch GET 200 https://cdn.npmmirror.com/packages/doctrine/3.0.0/doctrine-3.0.0.tgz 1654ms (cache miss)
2239 http fetch GET 200 https://cdn.npmmirror.com/packages/js-yaml/4.1.1/js-yaml-4.1.1.tgz 1663ms (cache miss)
2240 http fetch GET 200 https://cdn.npmmirror.com/packages/escape-string-regexp/4.0.0/escape-string-regexp-4.0.0.tgz 1665ms (cache miss)
2241 http fetch GET 200 https://cdn.npmmirror.com/packages/import-fresh/3.3.1/import-fresh-3.3.1.tgz 1672ms (cache miss)
2242 http fetch GET 200 https://cdn.npmmirror.com/packages/%40humanwhocodes/config-array/0.13.0/config-array-0.13.0.tgz 1666ms (cache miss)
2243 warn deprecated @humanwhocodes/config-array@0.13.0: Use @eslint/config-array instead
2244 http fetch GET 200 https://cdn.npmmirror.com/packages/ms/2.1.3/ms-2.1.3.tgz 1680ms (cache miss)
2245 http fetch GET 200 https://cdn.npmmirror.com/packages/%40ungap/structured-clone/1.3.0/structured-clone-1.3.0.tgz 1683ms (cache miss)
2246 http fetch GET 200 https://cdn.npmmirror.com/packages/%40nodelib/fs.walk/1.2.8/fs.walk-1.2.8.tgz 1709ms (cache miss)
2247 http fetch GET 200 https://cdn.npmmirror.com/packages/node-releases/2.0.38/node-releases-2.0.38.tgz 1870ms (cache miss)
2248 http fetch GET 200 https://cdn.npmmirror.com/packages/chalk/4.1.2/chalk-4.1.2.tgz 1875ms (cache miss)
2249 http fetch GET 200 https://cdn.npmmirror.com/packages/proxy-from-env/2.1.0/proxy-from-env-2.1.0.tgz 1871ms (cache miss)
2250 http fetch GET 200 https://cdn.npmmirror.com/packages/find-up/5.0.0/find-up-5.0.0.tgz 1877ms (cache miss)
2251 http fetch GET 200 https://cdn.npmmirror.com/packages/json-stable-stringify-without-jsonify/1.0.1/json-stable-stringify-without-jsonify-1.0.1.tgz 1880ms (cache miss)
2252 http fetch GET 200 https://cdn.npmmirror.com/packages/file-entry-cache/6.0.1/file-entry-cache-6.0.1.tgz 1878ms (cache miss)
2253 http fetch GET 200 https://cdn.npmmirror.com/packages/form-data/4.0.5/form-data-4.0.5.tgz 1872ms (cache miss)
2254 http fetch GET 200 https://cdn.npmmirror.com/packages/%40eslint/js/8.57.1/js-8.57.1.tgz 1876ms (cache miss)
2255 http fetch GET 200 https://cdn.npmmirror.com/packages/fraction.js/5.3.4/fraction.js-5.3.4.tgz 1874ms (cache miss)
2256 http fetch GET 200 https://cdn.npmmirror.com/packages/fast-deep-equal/3.1.3/fast-deep-equal-3.1.3.tgz 1890ms (cache miss)
2257 http fetch GET 200 https://cdn.npmmirror.com/packages/update-browserslist-db/1.2.3/update-browserslist-db-1.2.3.tgz 1896ms (cache miss)
2258 http fetch GET 200 https://cdn.npmmirror.com/packages/%40types/babel__template/7.4.4/babel__template-7.4.4.tgz 1896ms (cache miss)
2259 http fetch GET 200 https://cdn.npmmirror.com/packages/%40babel/helper-string-parser/7.27.1/helper-string-parser-7.27.1.tgz 1903ms (cache miss)
2260 http fetch GET 200 https://cdn.npmmirror.com/packages/%40jridgewell/sourcemap-codec/1.5.5/sourcemap-codec-1.5.5.tgz 1912ms (cache miss)
2261 http fetch GET 200 https://cdn.npmmirror.com/packages/%40babel/helper-plugin-utils/7.28.6/helper-plugin-utils-7.28.6.tgz 1920ms (cache miss)
2262 http fetch GET 200 https://cdn.npmmirror.com/packages/baseline-browser-mapping/2.10.21/baseline-browser-mapping-2.10.21.tgz 1954ms (cache miss)
2263 http fetch GET 200 https://cdn.npmmirror.com/packages/follow-redirects/1.16.0/follow-redirects-1.16.0.tgz 1955ms (cache miss)
2264 http fetch GET 200 https://cdn.npmmirror.com/packages/%40babel/helper-globals/7.28.0/helper-globals-7.28.0.tgz 1952ms (cache miss)
2265 http fetch GET 200 https://cdn.npmmirror.com/packages/%40jridgewell/resolve-uri/3.1.2/resolve-uri-3.1.2.tgz 1978ms (cache miss)
2266 http fetch GET 200 https://cdn.npmmirror.com/packages/postcss-value-parser/4.2.0/postcss-value-parser-4.2.0.tgz 1984ms (cache miss)
2267 http fetch GET 200 https://cdn.npmmirror.com/packages/%40babel/helper-module-imports/7.28.6/helper-module-imports-7.28.6.tgz 1980ms (cache miss)
2268 http fetch GET 200 https://cdn.npmmirror.com/packages/%40babel/helper-validator-option/7.27.1/helper-validator-option-7.27.1.tgz 1989ms (cache miss)
2269 http fetch GET 200 https://cdn.npmmirror.com/packages/ajv/6.14.0/ajv-6.14.0.tgz 2002ms (cache miss)
2270 http fetch GET 200 https://cdn.npmmirror.com/packages/%40types/babel__generator/7.27.0/babel__generator-7.27.0.tgz 2000ms (cache miss)
2271 http fetch GET 200 https://cdn.npmmirror.com/packages/lru-cache/5.1.1/lru-cache-5.1.1.tgz 2008ms (cache miss)
2272 http fetch GET 200 https://cdn.npmmirror.com/packages/jsesc/3.1.0/jsesc-3.1.0.tgz 2017ms (cache miss)
2273 http fetch GET 200 https://cdn.npmmirror.com/packages/js-tokens/4.0.0/js-tokens-4.0.0.tgz 2039ms (cache miss)
2274 http fetch GET 200 https://cdn.npmmirror.com/packages/%40eslint/eslintrc/2.1.4/eslintrc-2.1.4.tgz 2048ms (cache miss)
2275 http fetch GET 200 https://cdn.npmmirror.com/packages/esquery/1.7.0/esquery-1.7.0.tgz 2056ms (cache miss)
2276 http fetch GET 200 https://cdn.npmmirror.com/packages/electron-to-chromium/1.5.344/electron-to-chromium-1.5.344.tgz 2050ms (cache miss)
2277 http fetch GET 200 https://cdn.npmmirror.com/packages/%40babel/compat-data/7.29.0/compat-data-7.29.0.tgz 2046ms (cache miss)
2278 http fetch GET 200 https://cdn.npmmirror.com/packages/browserslist/4.28.2/browserslist-4.28.2.tgz 2063ms (cache miss)
2279 http fetch GET 200 https://cdn.npmmirror.com/packages/%40jridgewell/trace-mapping/0.3.31/trace-mapping-0.3.31.tgz 2063ms (cache miss)
2280 http fetch GET 200 https://cdn.npmmirror.com/packages/gensync/1.0.0-beta.2/gensync-1.0.0-beta.2.tgz 2069ms (cache miss)
2281 http fetch GET 200 https://cdn.npmmirror.com/packages/picocolors/1.1.1/picocolors-1.1.1.tgz 2079ms (cache miss)
2282 http fetch GET 200 https://cdn.npmmirror.com/packages/%40jridgewell/gen-mapping/0.3.13/gen-mapping-0.3.13.tgz 2097ms (cache miss)
2283 http fetch GET 200 https://cdn.npmmirror.com/packages/%40types/babel__traverse/7.28.0/babel__traverse-7.28.0.tgz 2147ms (cache miss)
2284 http fetch GET 200 https://cdn.npmmirror.com/packages/%40babel/helper-module-transforms/7.28.6/helper-module-transforms-7.28.6.tgz 2144ms (cache miss)
2285 http fetch GET 200 https://cdn.npmmirror.com/packages/%40jridgewell/remapping/2.3.5/remapping-2.3.5.tgz 2155ms (cache miss)
2286 http fetch GET 200 https://cdn.npmmirror.com/packages/%40babel/template/7.28.6/template-7.28.6.tgz 2154ms (cache miss)
2287 http fetch GET 200 https://cdn.npmmirror.com/packages/%40babel/helper-validator-identifier/7.28.5/helper-validator-identifier-7.28.5.tgz 2163ms (cache miss)
2288 http fetch GET 200 https://cdn.npmmirror.com/packages/%40types/babel__core/7.20.5/babel__core-7.20.5.tgz 2180ms (cache miss)
2289 http fetch GET 200 https://cdn.npmmirror.com/packages/%40babel/plugin-transform-react-jsx-self/7.27.1/plugin-transform-react-jsx-self-7.27.1.tgz 2186ms (cache miss)
2290 http fetch GET 200 https://cdn.npmmirror.com/packages/%40babel/helper-compilation-targets/7.28.6/helper-compilation-targets-7.28.6.tgz 2278ms (cache miss)
2291 http fetch GET 200 https://cdn.npmmirror.com/packages/%40rolldown/pluginutils/1.0.0-beta.27/pluginutils-1.0.0-beta.27.tgz 2298ms (cache miss)
2292 http fetch GET 200 https://cdn.npmmirror.com/packages/convert-source-map/2.0.0/convert-source-map-2.0.0.tgz 2317ms (cache miss)
2293 http fetch GET 200 https://cdn.npmmirror.com/packages/rollup/4.60.2/rollup-4.60.2.tgz 2385ms (cache miss)
2294 http fetch GET 200 https://cdn.npmmirror.com/packages/caniuse-lite/1.0.30001790/caniuse-lite-1.0.30001790.tgz 2369ms (cache miss)
2295 http fetch GET 200 https://cdn.npmmirror.com/packages/%40babel/plugin-transform-react-jsx-source/7.27.1/plugin-transform-react-jsx-source-7.27.1.tgz 2458ms (cache miss)
2296 http fetch GET 200 https://cdn.npmmirror.com/packages/jiti/1.21.7/jiti-1.21.7.tgz 2488ms (cache miss)
2297 http fetch GET 200 https://cdn.npmmirror.com/packages/%40types/semver/7.7.1/semver-7.7.1.tgz 2457ms (cache miss)
2298 http fetch GET 200 https://cdn.npmmirror.com/packages/json5/2.2.3/json5-2.2.3.tgz 2468ms (cache miss)
2299 http fetch GET 200 https://cdn.npmmirror.com/packages/%40typescript-eslint/types/6.21.0/types-6.21.0.tgz 2469ms (cache miss)
2300 http fetch GET 200 https://cdn.npmmirror.com/packages/react-refresh/0.17.0/react-refresh-0.17.0.tgz 2474ms (cache miss)
2301 http fetch GET 200 https://cdn.npmmirror.com/packages/minimatch/9.0.3/minimatch-9.0.3.tgz 2475ms (cache miss)
2302 http fetch GET 200 https://cdn.npmmirror.com/packages/%40babel/traverse/7.29.0/traverse-7.29.0.tgz 2483ms (cache miss)
2303 http fetch GET 200 https://cdn.npmmirror.com/packages/ignore/5.3.2/ignore-5.3.2.tgz 2482ms (cache miss)
2304 http fetch GET 200 https://cdn.npmmirror.com/packages/eslint-visitor-keys/3.4.3/eslint-visitor-keys-3.4.3.tgz 2500ms (cache miss)
2305 http fetch GET 200 https://cdn.npmmirror.com/packages/%40types/json-schema/7.0.15/json-schema-7.0.15.tgz 2500ms (cache miss)
2306 http fetch GET 200 https://cdn.npmmirror.com/packages/%40babel/types/7.29.0/types-7.29.0.tgz 2507ms (cache miss)
2307 http fetch GET 200 https://cdn.npmmirror.com/packages/debug/4.4.3/debug-4.4.3.tgz 2501ms (cache miss)
2308 http fetch GET 200 https://cdn.npmmirror.com/packages/%40babel/core/7.29.0/core-7.29.0.tgz 2541ms (cache miss)
2309 http fetch GET 200 https://cdn.npmmirror.com/packages/%40typescript-eslint/visitor-keys/6.21.0/visitor-keys-6.21.0.tgz 2568ms (cache miss)
2310 http fetch POST 404 https://registry.npmmirror.com/-/npm/v1/security/audits/quick 2366ms
2311 verbose audit error HttpErrorGeneral: 404 Not Found - POST https://registry.npmmirror.com/-/npm/v1/security/audits/quick - [NOT_IMPLEMENTED] /-/npm/v1/security/* not implemented yet
2311 verbose audit error     at /opt/homebrew/Cellar/node@18/18.20.5/lib/node_modules/npm/node_modules/npm-registry-fetch/lib/check-response.js:95:15
2311 verbose audit error     at process.processTicksAndRejections (node:internal/process/task_queues:95:5)
2311 verbose audit error     at async [getReport] (/opt/homebrew/Cellar/node@18/18.20.5/lib/node_modules/npm/node_modules/@npmcli/arborist/lib/audit-report.js:336:21)
2311 verbose audit error     at async AuditReport.run (/opt/homebrew/Cellar/node@18/18.20.5/lib/node_modules/npm/node_modules/@npmcli/arborist/lib/audit-report.js:106:19) {
2311 verbose audit error   headers: [Object: null prototype] {
2311 verbose audit error     server: [ 'Tengine' ],
2311 verbose audit error     date: [ 'Thu, 23 Apr 2026 04:05:10 GMT' ],
2311 verbose audit error     'content-type': [ 'application/json' ],
2311 verbose audit error     'transfer-encoding': [ 'chunked' ],
2311 verbose audit error     connection: [ 'keep-alive' ],
2311 verbose audit error     'strict-transport-security': [ 'max-age=5184000' ],
2311 verbose audit error     via: [ 'kunlun7.cn9067[,404666]' ],
2311 verbose audit error     'timing-allow-origin': [ '*' ],
2311 verbose audit error     eagleid: [ '01c21f0c17769171100845861e' ],
2311 verbose audit error     'x-fetch-attempts': [ '1' ]
2311 verbose audit error   },
2311 verbose audit error   statusCode: 404,
2311 verbose audit error   code: 'E404',
2311 verbose audit error   method: 'POST',
2311 verbose audit error   uri: 'https://registry.npmmirror.com/-/npm/v1/security/audits/quick',
2311 verbose audit error   body: {
2311 verbose audit error     error: '[NOT_IMPLEMENTED] /-/npm/v1/security/* not implemented yet'
2311 verbose audit error   },
2311 verbose audit error   pkgid: undefined
2311 verbose audit error }
2312 silly audit error [object Object]
2313 silly audit report null
2314 http fetch GET 200 https://cdn.npmmirror.com/packages/%40eslint-community/eslint-utils/4.9.1/eslint-utils-4.9.1.tgz 2589ms (cache miss)
2315 http fetch GET 200 https://cdn.npmmirror.com/packages/%40babel/code-frame/7.29.0/code-frame-7.29.0.tgz 2591ms (cache miss)
2316 http fetch GET 200 https://cdn.npmmirror.com/packages/is-glob/4.0.3/is-glob-4.0.3.tgz 2624ms (cache miss)
2317 http fetch GET 200 https://cdn.npmmirror.com/packages/zustand/4.5.7/zustand-4.5.7.tgz 2643ms (cache miss)
2318 http fetch GET 200 https://cdn.npmmirror.com/packages/%40eslint-community/regexpp/4.12.2/regexpp-4.12.2.tgz 2663ms (cache miss)
2319 http fetch GET 200 https://cdn.npmmirror.com/packages/%40typescript-eslint/utils/6.21.0/utils-6.21.0.tgz 2674ms (cache miss)
2320 http fetch GET 200 https://cdn.npmmirror.com/packages/semver/7.7.4/semver-7.7.4.tgz 2728ms (cache miss)
2321 http fetch GET 200 https://cdn.npmmirror.com/packages/%40types/prop-types/15.7.15/prop-types-15.7.15.tgz 2741ms (cache miss)
2322 http fetch GET 200 https://cdn.npmmirror.com/packages/%40typescript-eslint/type-utils/6.21.0/type-utils-6.21.0.tgz 2825ms (cache miss)
2323 http fetch GET 200 https://cdn.npmmirror.com/packages/postcss/8.5.10/postcss-8.5.10.tgz 2849ms (cache miss)
2324 http fetch GET 200 https://cdn.npmmirror.com/packages/react/18.3.1/react-18.3.1.tgz 2870ms (cache miss)
2325 http fetch GET 200 https://cdn.npmmirror.com/packages/natural-compare/1.4.0/natural-compare-1.4.0.tgz 2897ms (cache miss)
2326 http fetch GET 200 https://cdn.npmmirror.com/packages/globby/11.1.0/globby-11.1.0.tgz 2913ms (cache miss)
2327 http fetch GET 200 https://cdn.npmmirror.com/packages/react-router-dom/6.30.3/react-router-dom-6.30.3.tgz 3104ms (cache miss)
2328 http fetch GET 200 https://cdn.npmmirror.com/packages/%40babel/helpers/7.29.2/helpers-7.29.2.tgz 3118ms (cache miss)
2329 http fetch GET 200 https://cdn.npmmirror.com/packages/eslint-plugin-react-hooks/4.6.2/eslint-plugin-react-hooks-4.6.2.tgz 3128ms (cache miss)
2330 http fetch GET 200 https://cdn.npmmirror.com/packages/eslint-plugin-react-refresh/0.4.26/eslint-plugin-react-refresh-0.4.26.tgz 3130ms (cache miss)
2331 http fetch GET 200 https://cdn.npmmirror.com/packages/tailwind-merge/2.6.1/tailwind-merge-2.6.1.tgz 3177ms (cache miss)
2332 http fetch GET 200 https://cdn.npmmirror.com/packages/%40vitejs/plugin-react/4.7.0/plugin-react-4.7.0.tgz 3242ms (cache miss)
2333 http fetch GET 200 https://cdn.npmmirror.com/packages/%40babel/generator/7.29.1/generator-7.29.1.tgz 3250ms (cache miss)
2334 http fetch GET 200 https://cdn.npmmirror.com/packages/%40babel/parser/7.29.2/parser-7.29.2.tgz 3259ms (cache miss)
2335 http fetch GET 200 https://cdn.npmmirror.com/packages/%40typescript-eslint/parser/6.21.0/parser-6.21.0.tgz 3278ms (cache miss)
2336 http fetch GET 200 https://cdn.npmmirror.com/packages/%40types/react-dom/18.3.7/react-dom-18.3.7.tgz 3346ms (cache miss)
2337 http fetch GET 200 https://cdn.npmmirror.com/packages/%40types/react/18.3.28/react-18.3.28.tgz 3386ms (cache miss)
2338 http fetch GET 200 https://cdn.npmmirror.com/packages/brace-expansion/1.1.14/brace-expansion-1.1.14.tgz 3387ms (cache miss)
2339 http fetch GET 200 https://cdn.npmmirror.com/packages/glob-parent/5.1.2/glob-parent-5.1.2.tgz 3440ms (cache miss)
2340 http fetch GET 200 https://cdn.npmmirror.com/packages/minimatch/3.1.5/minimatch-3.1.5.tgz 3442ms (cache miss)
2341 http fetch GET 200 https://cdn.npmmirror.com/packages/autoprefixer/10.5.0/autoprefixer-10.5.0.tgz 3453ms (cache miss)
2342 http fetch GET 200 https://cdn.npmmirror.com/packages/csstype/3.2.3/csstype-3.2.3.tgz 3531ms (cache miss)
2343 http fetch GET 200 https://cdn.npmmirror.com/packages/graphemer/1.4.0/graphemer-1.4.0.tgz 3543ms (cache miss)
2344 http fetch GET 200 https://cdn.npmmirror.com/packages/minimatch/3.1.5/minimatch-3.1.5.tgz 3590ms (cache miss)
2345 http fetch GET 200 https://cdn.npmmirror.com/packages/ts-api-utils/1.4.3/ts-api-utils-1.4.3.tgz 3617ms (cache miss)
2346 http fetch GET 200 https://cdn.npmmirror.com/packages/picomatch/4.0.4/picomatch-4.0.4.tgz 3736ms (cache miss)
2347 http fetch GET 200 https://cdn.npmmirror.com/packages/%40typescript-eslint/scope-manager/6.21.0/scope-manager-6.21.0.tgz 3752ms (cache miss)
2348 http fetch GET 200 https://cdn.npmmirror.com/packages/clsx/2.1.1/clsx-2.1.1.tgz 3762ms (cache miss)
2349 http fetch GET 200 https://cdn.npmmirror.com/packages/glob-parent/5.1.2/glob-parent-5.1.2.tgz 3955ms (cache miss)
2350 http fetch GET 200 https://cdn.npmmirror.com/packages/%40tanstack/react-query/5.99.2/react-query-5.99.2.tgz 3986ms (cache miss)
2351 http fetch GET 200 https://cdn.npmmirror.com/packages/minimatch/3.1.5/minimatch-3.1.5.tgz 4007ms (cache miss)
2352 http fetch GET 200 https://cdn.npmmirror.com/packages/brace-expansion/1.1.14/brace-expansion-1.1.14.tgz 4049ms (cache miss)
2353 http fetch GET 200 https://cdn.npmmirror.com/packages/minimatch/3.1.5/minimatch-3.1.5.tgz 4053ms (cache miss)
2354 http fetch GET 200 https://cdn.npmmirror.com/packages/eslint/8.57.1/eslint-8.57.1.tgz 4084ms (cache miss)
2355 warn deprecated eslint@8.57.1: This version is no longer supported. Please see https://eslint.org/version-support for other options.
2356 http fetch GET 200 https://cdn.npmmirror.com/packages/brace-expansion/1.1.14/brace-expansion-1.1.14.tgz 4124ms (cache miss)
2357 http fetch GET 200 https://cdn.npmmirror.com/packages/semver/6.3.1/semver-6.3.1.tgz 4149ms (cache miss)
2358 http fetch GET 200 https://cdn.npmmirror.com/packages/semver/6.3.1/semver-6.3.1.tgz 4186ms (cache miss)
2359 http fetch GET 200 https://cdn.npmmirror.com/packages/%40tanstack/query-core/5.99.2/query-core-5.99.2.tgz 4220ms (cache miss)
2360 http fetch GET 200 https://cdn.npmmirror.com/packages/%40typescript-eslint/typescript-estree/6.21.0/typescript-estree-6.21.0.tgz 4268ms (cache miss)
2361 http fetch GET 200 https://cdn.npmmirror.com/packages/brace-expansion/1.1.14/brace-expansion-1.1.14.tgz 4298ms (cache miss)
2362 http fetch GET 200 https://cdn.npmmirror.com/packages/axios/1.15.2/axios-1.15.2.tgz 4328ms (cache miss)
2363 http fetch GET 200 https://cdn.npmmirror.com/packages/vite/5.4.21/vite-5.4.21.tgz 4383ms (cache miss)
2364 http fetch GET 200 https://cdn.npmmirror.com/packages/%40typescript-eslint/eslint-plugin/6.21.0/eslint-plugin-6.21.0.tgz 4868ms (cache miss)
2365 http fetch GET 200 https://cdn.npmmirror.com/packages/tailwindcss/3.4.19/tailwindcss-3.4.19.tgz 4899ms (cache miss)
2366 http fetch GET 200 https://cdn.npmmirror.com/packages/react-dom/18.3.1/react-dom-18.3.1.tgz 5975ms (cache miss)
2367 http fetch GET 200 https://cdn.npmmirror.com/packages/%40esbuild/darwin-arm64/0.21.5/darwin-arm64-0.21.5.tgz 6118ms (cache miss)
2368 http fetch GET 200 https://cdn.npmmirror.com/packages/typescript/5.9.3/typescript-5.9.3.tgz 6078ms (cache miss)
2369 http fetch GET 200 https://cdn.npmmirror.com/packages/lucide-react/0.294.0/lucide-react-0.294.0.tgz 6430ms (cache miss)
2370 info run fsevents@2.3.3 install node_modules/fsevents node-gyp rebuild
2371 info run fsevents@2.3.3 install { code: 1, signal: null }
2372 verbose reify failed optional dependency /Users/william.wang/workspace/blog/blog-frontend/node_modules/fsevents
2373 silly reify mark deleted [
2373 silly reify   '/Users/william.wang/workspace/blog/blog-frontend/node_modules/fsevents'
2373 silly reify ]
2374 info run esbuild@0.21.5 postinstall node_modules/esbuild node install.js
2375 info run esbuild@0.21.5 postinstall { code: 0, signal: null }
2376 silly ADD node_modules/concat-map
2377 silly ADD node_modules/use-sync-external-store
2378 silly ADD node_modules/isexe
2379 silly ADD node_modules/@types/estree
2380 silly ADD
2381 silly ADD
2382 silly ADD
2383 silly ADD
2384 silly ADD
2385 silly ADD
2386 silly ADD
2387 silly ADD
2388 silly ADD
2389 silly ADD
2390 silly ADD
2391 silly ADD
2392 silly ADD
2393 silly ADD
2394 silly ADD
2395 silly ADD
2396 silly ADD
2397 silly ADD
2398 silly ADD
2399 silly ADD
2400 silly ADD
2401 silly ADD
2402 silly ADD node_modules/@rollup/rollup-darwin-arm64
2403 silly ADD
2404 silly ADD
2405 silly ADD
2406 silly ADD
2407 silly ADD
2408 silly ADD
2409 silly ADD
2410 silly ADD
2411 silly ADD
2412 silly ADD
2413 silly ADD
2414 silly ADD
2415 silly ADD
2416 silly ADD
2417 silly ADD
2418 silly ADD
2419 silly ADD
2420 silly ADD
2421 silly ADD
2422 silly ADD
2423 silly ADD node_modules/@esbuild/darwin-arm64
2424 silly ADD
2425 silly ADD
2426 silly ADD
2427 silly ADD
2428 silly ADD node_modules/rollup
2429 silly ADD node_modules/esbuild
2430 silly ADD node_modules/punycode
2431 silly ADD node_modules/escalade
2432 silly ADD node_modules/is-number
2433 silly ADD node_modules/fdir
2434 silly ADD node_modules/thenify
2435 silly ADD node_modules/thenify-all
2436 silly ADD node_modules/object-assign
2437 silly ADD node_modules/any-promise
2438 silly ADD node_modules/ts-interface-checker
2439 silly ADD node_modules/tinyglobby
2440 silly ADD node_modules/tinyglobby/node_modules/picomatch
2441 silly ADD node_modules/pirates
2442 silly ADD node_modules/mz
2443 silly ADD node_modules/lines-and-columns
2444 silly ADD node_modules/commander
2445 silly ADD node_modules/supports-preserve-symlinks-flag
2446 silly ADD node_modules/path-parse
2447 silly ADD node_modules/is-core-module
2448 silly ADD node_modules/pify
2449 silly ADD node_modules/util-deprecate
2450 silly ADD node_modules/cssesc
2451 silly ADD node_modules/camelcase-css
2452 silly ADD node_modules/read-cache
2453 silly ADD node_modules/binary-extensions
2454 silly ADD node_modules/readdirp
2455 silly ADD node_modules/is-binary-path
2456 silly ADD
2457 silly ADD node_modules/anymatch
2458 silly ADD node_modules/sucrase
2459 silly ADD node_modules/resolve
2460 silly ADD node_modules/postcss-selector-parser
2461 silly ADD node_modules/postcss-nested
2462 silly ADD node_modules/postcss-load-config
2463 silly ADD node_modules/postcss-js
2464 silly ADD node_modules/postcss-import
2465 silly ADD node_modules/object-hash
2466 silly ADD node_modules/normalize-path
2467 silly ADD node_modules/lilconfig
2468 silly ADD node_modules/jiti
2469 silly ADD node_modules/dlv
2470 silly ADD node_modules/didyoumean
2471 silly ADD node_modules/chokidar
2472 silly ADD node_modules/chokidar/node_modules/glob-parent
2473 silly ADD node_modules/arg
2474 silly ADD node_modules/@alloc/quick-lru
2475 silly ADD node_modules/has-flag
2476 silly ADD node_modules/ansi-regex
2477 silly ADD node_modules/shebang-regex
2478 silly ADD node_modules/queue-microtask
2479 silly ADD node_modules/wrappy
2480 silly ADD node_modules/path-is-absolute
2481 silly ADD node_modules/once
2482 silly ADD node_modules/inherits
2483 silly ADD node_modules/inflight
2484 silly ADD node_modules/fs.realpath
2485 silly ADD node_modules/glob
2486 silly ADD node_modules/glob/node_modules/brace-expansion
2487 silly ADD node_modules/glob/node_modules/minimatch
2488 silly ADD node_modules/react-router
2489 silly ADD node_modules/@remix-run/router
2490 silly ADD node_modules/scheduler
2491 silly ADD node_modules/loose-envify
2492 silly ADD node_modules/source-map-js
2493 silly ADD node_modules/nanoid
2494 silly ADD node_modules/callsites
2495 silly ADD node_modules/yocto-queue
2496 silly ADD node_modules/p-limit
2497 silly ADD node_modules/word-wrap
2498 silly ADD node_modules/fast-levenshtein
2499 silly ADD node_modules/deep-is
2500 silly ADD node_modules/balanced-match
2501 silly ADD node_modules/brace-expansion
2502 silly ADD node_modules/mime-db
2503 silly ADD node_modules/to-regex-range
2504 silly ADD node_modules/fill-range
2505 silly ADD node_modules/picomatch
2506 silly ADD node_modules/braces
2507 silly ADD node_modules/yallist
2508 silly ADD node_modules/p-locate
2509 silly ADD node_modules/type-check
2510 silly ADD node_modules/prelude-ls
2511 silly ADD node_modules/json-buffer
2512 silly ADD node_modules/argparse
2513 silly ADD node_modules/is-extglob
2514 silly ADD node_modules/resolve-from
2515 silly ADD node_modules/parent-module
2516 silly ADD node_modules/micromatch
2517 silly ADD node_modules/path-type
2518 silly ADD node_modules/slash
2519 silly ADD node_modules/merge2
2520 silly ADD node_modules/fast-glob
2521 silly ADD node_modules/fast-glob/node_modules/glob-parent
2522 silly ADD node_modules/dir-glob
2523 silly ADD node_modules/array-union
2524 silly ADD node_modules/type-fest
2525 silly ADD node_modules/dunder-proto
2526 silly ADD node_modules/math-intrinsics
2527 silly ADD node_modules/has-symbols
2528 silly ADD node_modules/gopd
2529 silly ADD node_modules/get-proto
2530 silly ADD node_modules/function-bind
2531 silly ADD node_modules/es-object-atoms
2532 silly ADD node_modules/es-define-property
2533 silly ADD node_modules/call-bind-apply-helpers
2534 silly ADD node_modules/has-tostringtag
2535 silly ADD node_modules/get-intrinsic
2536 silly ADD node_modules/es-errors
2537 silly ADD node_modules/delayed-stream
2538 silly ADD node_modules/mime-types
2539 silly ADD node_modules/hasown
2540 silly ADD node_modules/es-set-tostringtag
2541 silly ADD node_modules/combined-stream
2542 silly ADD node_modules/asynckit
2543 silly ADD node_modules/rimraf
2544 silly ADD node_modules/keyv
2545 silly ADD node_modules/flatted
2546 silly ADD node_modules/path-exists
2547 silly ADD node_modules/locate-path
2548 silly ADD node_modules/flat-cache
2549 silly ADD node_modules/reusify
2550 silly ADD node_modules/acorn-jsx
2551 silly ADD node_modules/acorn
2552 silly ADD node_modules/estraverse
2553 silly ADD node_modules/esrecurse
2554 silly ADD node_modules/which
2555 silly ADD node_modules/shebang-command
2556 silly ADD node_modules/path-key
2557 silly ADD node_modules/color-name
2558 silly ADD node_modules/color-convert
2559 silly ADD node_modules/supports-color
2560 silly ADD node_modules/ansi-styles
2561 silly ADD node_modules/uri-js
2562 silly ADD node_modules/json-schema-traverse
2563 silly ADD node_modules/fast-json-stable-stringify
2564 silly ADD node_modules/run-parallel
2565 silly ADD node_modules/@nodelib/fs.stat
2566 silly ADD node_modules/fastq
2567 silly ADD node_modules/@nodelib/fs.scandir
2568 silly ADD node_modules/@humanwhocodes/object-schema
2569 silly ADD node_modules/strip-json-comments
2570 silly ADD node_modules/import-fresh
2571 silly ADD node_modules/text-table
2572 silly ADD node_modules/strip-ansi
2573 silly ADD node_modules/optionator
2574 silly ADD node_modules/lodash.merge
2575 silly ADD node_modules/levn
2576 silly ADD node_modules/json-stable-stringify-without-jsonify
2577 silly ADD node_modules/js-yaml
2578 silly ADD node_modules/is-path-inside
2579 silly ADD node_modules/imurmurhash
2580 silly ADD node_modules/globals
2581 silly ADD node_modules/glob-parent
2582 silly ADD node_modules/find-up
2583 silly ADD node_modules/file-entry-cache
2584 silly ADD node_modules/fast-deep-equal
2585 silly ADD node_modules/esutils
2586 silly ADD node_modules/esquery
2587 silly ADD node_modules/espree
2588 silly ADD node_modules/eslint-scope
2589 silly ADD node_modules/escape-string-regexp
2590 silly ADD node_modules/doctrine
2591 silly ADD node_modules/cross-spawn
2592 silly ADD node_modules/chalk
2593 silly ADD node_modules/ajv
2594 silly ADD node_modules/@ungap/structured-clone
2595 silly ADD node_modules/@nodelib/fs.walk
2596 silly ADD node_modules/@humanwhocodes/module-importer
2597 silly ADD node_modules/@humanwhocodes/config-array
2598 silly ADD node_modules/@humanwhocodes/config-array/node_modules/brace-expansion
2599 silly ADD node_modules/@humanwhocodes/config-array/node_modules/minimatch
2600 silly ADD node_modules/@eslint/js
2601 silly ADD node_modules/@eslint/eslintrc
2602 silly ADD node_modules/@eslint/eslintrc/node_modules/brace-expansion
2603 silly ADD node_modules/@eslint/eslintrc/node_modules/minimatch
2604 silly ADD node_modules/ms
2605 silly ADD node_modules/update-browserslist-db
2606 silly ADD node_modules/node-releases
2607 silly ADD node_modules/electron-to-chromium
2608 silly ADD node_modules/baseline-browser-mapping
2609 silly ADD node_modules/proxy-from-env
2610 silly ADD node_modules/form-data
2611 silly ADD node_modules/follow-redirects
2612 silly ADD node_modules/postcss-value-parser
2613 silly ADD node_modules/fraction.js
2614 silly ADD node_modules/caniuse-lite
2615 silly ADD node_modules/@types/babel__traverse
2616 silly ADD node_modules/@types/babel__template
2617 silly ADD node_modules/@types/babel__generator
2618 silly ADD node_modules/@jridgewell/resolve-uri
2619 silly ADD node_modules/@jridgewell/sourcemap-codec
2620 silly ADD node_modules/@babel/helper-string-parser
2621 silly ADD node_modules/@babel/helper-globals
2622 silly ADD node_modules/@babel/helper-plugin-utils
2623 silly ADD node_modules/@babel/helper-module-imports
2624 silly ADD node_modules/lru-cache
2625 silly ADD node_modules/browserslist
2626 silly ADD node_modules/@babel/helper-validator-option
2627 silly ADD node_modules/@babel/compat-data
2628 silly ADD node_modules/jsesc
2629 silly ADD node_modules/@jridgewell/trace-mapping
2630 silly ADD node_modules/@jridgewell/gen-mapping
2631 silly ADD node_modules/picocolors
2632 silly ADD node_modules/js-tokens
2633 silly ADD node_modules/@babel/helper-validator-identifier
2634 silly ADD node_modules/json5
2635 silly ADD node_modules/gensync
2636 silly ADD node_modules/convert-source-map
2637 silly ADD node_modules/@jridgewell/remapping
2638 silly ADD node_modules/@babel/types
2639 silly ADD node_modules/@babel/traverse
2640 silly ADD node_modules/@babel/template
2641 silly ADD node_modules/@babel/parser
2642 silly ADD node_modules/@babel/helpers
2643 silly ADD node_modules/@babel/helper-module-transforms
2644 silly ADD node_modules/@babel/helper-compilation-targets
2645 silly ADD node_modules/@babel/helper-compilation-targets/node_modules/semver
2646 silly ADD node_modules/@babel/generator
2647 silly ADD node_modules/@babel/code-frame
2648 silly ADD node_modules/react-refresh
2649 silly ADD node_modules/@types/babel__core
2650 silly ADD node_modules/@rolldown/pluginutils
2651 silly ADD node_modules/@babel/plugin-transform-react-jsx-source
2652 silly ADD node_modules/@babel/plugin-transform-react-jsx-self
2653 silly ADD node_modules/@babel/core
2654 silly ADD node_modules/@babel/core/node_modules/semver
2655 silly ADD node_modules/eslint-visitor-keys
2656 silly ADD node_modules/@types/semver
2657 silly ADD node_modules/@types/json-schema
2658 silly ADD node_modules/@eslint-community/eslint-utils
2659 silly ADD node_modules/minimatch
2660 silly ADD node_modules/is-glob
2661 silly ADD node_modules/globby
2662 silly ADD node_modules/@typescript-eslint/typescript-estree
2663 silly ADD node_modules/@typescript-eslint/types
2664 silly ADD node_modules/ts-api-utils
2665 silly ADD node_modules/semver
2666 silly ADD node_modules/natural-compare
2667 silly ADD node_modules/ignore
2668 silly ADD node_modules/graphemer
2669 silly ADD node_modules/debug
2670 silly ADD node_modules/@typescript-eslint/visitor-keys
2671 silly ADD node_modules/@typescript-eslint/utils
2672 silly ADD node_modules/@typescript-eslint/type-utils
2673 silly ADD node_modules/@typescript-eslint/scope-manager
2674 silly ADD node_modules/@eslint-community/regexpp
2675 silly ADD node_modules/csstype
2676 silly ADD node_modules/@types/prop-types
2677 silly ADD node_modules/@tanstack/query-core
2678 silly ADD node_modules/zustand
2679 silly ADD node_modules/vite
2680 silly ADD node_modules/typescript
2681 silly ADD node_modules/tailwindcss
2682 silly ADD node_modules/tailwind-merge
2683 silly ADD node_modules/react-router-dom
2684 silly ADD node_modules/react-dom
2685 silly ADD node_modules/react
2686 silly ADD node_modules/postcss
2687 silly ADD node_modules/lucide-react
2688 silly ADD node_modules/eslint-plugin-react-refresh
2689 silly ADD node_modules/eslint-plugin-react-hooks
2690 silly ADD node_modules/eslint
2691 silly ADD node_modules/eslint/node_modules/brace-expansion
2692 silly ADD node_modules/eslint/node_modules/minimatch
2693 silly ADD node_modules/clsx
2694 silly ADD node_modules/axios
2695 silly ADD node_modules/autoprefixer
2696 silly ADD node_modules/@vitejs/plugin-react
2697 silly ADD node_modules/@typescript-eslint/parser
2698 silly ADD node_modules/@typescript-eslint/eslint-plugin
2699 silly ADD node_modules/@types/react-dom
2700 silly ADD node_modules/@types/react
2701 silly ADD node_modules/@tanstack/react-query
2702 verbose cwd /Users/william.wang/workspace/blog/blog-frontend
2703 verbose os Darwin 22.6.0
2704 verbose node v20.19.0
2705 verbose npm  v10.8.2
2706 notice
2706 notice New major version of npm available! 10.8.2 -> 11.13.0
2706 notice Changelog: https://github.com/npm/cli/releases/tag/v11.13.0
2706 notice To update run: npm install -g npm@11.13.0
2706 notice  { force: true, [Symbol(proc-log.meta)]: true }
2707 verbose exit 0
2708 info ok
